sequence;elapsedMs;thread;orderId;stage;event;fromState;toState;printer
1;28;main;1;INITIALIZATION;ORDER_CREATED;;CREATED;
2;49;main;2;INITIALIZATION;ORDER_CREATED;;CREATED;
3;49;main;3;INITIALIZATION;ORDER_CREATED;;CREATED;
4;49;main;4;INITIALIZATION;ORDER_CREATED;;CREATED;
5;49;main;5;INITIALIZATION;ORDER_CREATED;;CREATED;
6;50;main;6;INITIALIZATION;ORDER_CREATED;;CREATED;
7;50;main;7;INITIALIZATION;ORDER_CREATED;;CREATED;
8;50;main;8;INITIALIZATION;ORDER_CREATED;;CREATED;
9;50;main;9;INITIALIZATION;ORDER_CREATED;;CREATED;
10;50;main;10;INITIALIZATION;ORDER_CREATED;;CREATED;
11;50;main;11;INITIALIZATION;ORDER_CREATED;;CREATED;
12;50;main;12;INITIALIZATION;ORDER_CREATED;;CREATED;
13;50;main;13;INITIALIZATION;ORDER_CREATED;;CREATED;
14;50;main;14;INITIALIZATION;ORDER_CREATED;;CREATED;
15;50;main;15;INITIALIZATION;ORDER_CREATED;;CREATED;
16;50;main;16;INITIALIZATION;ORDER_CREATED;;CREATED;
17;50;main;17;INITIALIZATION;ORDER_CREATED;;CREATED;
18;50;main;18;INITIALIZATION;ORDER_CREATED;;CREATED;
19;50;main;19;INITIALIZATION;ORDER_CREATED;;CREATED;
20;50;main;20;INITIALIZATION;ORDER_CREATED;;CREATED;
21;50;main;21;INITIALIZATION;ORDER_CREATED;;CREATED;
22;50;main;22;INITIALIZATION;ORDER_CREATED;;CREATED;
23;50;main;23;INITIALIZATION;ORDER_CREATED;;CREATED;
24;50;main;24;INITIALIZATION;ORDER_CREATED;;CREATED;
25;50;main;25;INITIALIZATION;ORDER_CREATED;;CREATED;
26;50;main;26;INITIALIZATION;ORDER_CREATED;;CREATED;
27;50;main;27;INITIALIZATION;ORDER_CREATED;;CREATED;
28;50;main;28;INITIALIZATION;ORDER_CREATED;;CREATED;
29;50;main;29;INITIALIZATION;ORDER_CREATED;;CREATED;
30;50;main;30;INITIALIZATION;ORDER_CREATED;;CREATED;
31;50;main;31;INITIALIZATION;ORDER_CREATED;;CREATED;
32;50;main;32;INITIALIZATION;ORDER_CREATED;;CREATED;
33;50;main;33;INITIALIZATION;ORDER_CREATED;;CREATED;
34;50;main;34;INITIALIZATION;ORDER_CREATED;;CREATED;
35;50;main;35;INITIALIZATION;ORDER_CREATED;;CREATED;
36;50;main;36;INITIALIZATION;ORDER_CREATED;;CREATED;
37;50;main;37;INITIALIZATION;ORDER_CREATED;;CREATED;
38;50;main;38;INITIALIZATION;ORDER_CREATED;;CREATED;
39;50;main;39;INITIALIZATION;ORDER_CREATED;;CREATED;
40;50;main;40;INITIALIZATION;ORDER_CREATED;;CREATED;
41;50;main;41;INITIALIZATION;ORDER_CREATED;;CREATED;
42;50;main;42;INITIALIZATION;ORDER_CREATED;;CREATED;
43;50;main;43;INITIALIZATION;ORDER_CREATED;;CREATED;
44;51;main;44;INITIALIZATION;ORDER_CREATED;;CREATED;
45;51;main;45;INITIALIZATION;ORDER_CREATED;;CREATED;
46;51;main;46;INITIALIZATION;ORDER_CREATED;;CREATED;
47;51;main;47;INITIALIZATION;ORDER_CREATED;;CREATED;
48;51;main;48;INITIALIZATION;ORDER_CREATED;;CREATED;
49;51;main;49;INITIALIZATION;ORDER_CREATED;;CREATED;
50;51;main;50;INITIALIZATION;ORDER_CREATED;;CREATED;
51;51;main;51;INITIALIZATION;ORDER_CREATED;;CREATED;
52;51;main;52;INITIALIZATION;ORDER_CREATED;;CREATED;
53;51;main;53;INITIALIZATION;ORDER_CREATED;;CREATED;
54;51;main;54;INITIALIZATION;ORDER_CREATED;;CREATED;
55;51;main;55;INITIALIZATION;ORDER_CREATED;;CREATED;
56;51;main;56;INITIALIZATION;ORDER_CREATED;;CREATED;
57;51;main;57;INITIALIZATION;ORDER_CREATED;;CREATED;
58;51;main;58;INITIALIZATION;ORDER_CREATED;;CREATED;
59;51;main;59;INITIALIZATION;ORDER_CREATED;;CREATED;
60;51;main;60;INITIALIZATION;ORDER_CREATED;;CREATED;
61;51;main;61;INITIALIZATION;ORDER_CREATED;;CREATED;
62;51;main;62;INITIALIZATION;ORDER_CREATED;;CREATED;
63;51;main;63;INITIALIZATION;ORDER_CREATED;;CREATED;
64;51;main;64;INITIALIZATION;ORDER_CREATED;;CREATED;
65;51;main;65;INITIALIZATION;ORDER_CREATED;;CREATED;
66;51;main;66;INITIALIZATION;ORDER_CREATED;;CREATED;
67;51;main;67;INITIALIZATION;ORDER_CREATED;;CREATED;
68;51;main;68;INITIALIZATION;ORDER_CREATED;;CREATED;
69;51;main;69;INITIALIZATION;ORDER_CREATED;;CREATED;
70;51;main;70;INITIALIZATION;ORDER_CREATED;;CREATED;
71;51;main;71;INITIALIZATION;ORDER_CREATED;;CREATED;
72;51;main;72;INITIALIZATION;ORDER_CREATED;;CREATED;
73;51;main;73;INITIALIZATION;ORDER_CREATED;;CREATED;
74;51;main;74;INITIALIZATION;ORDER_CREATED;;CREATED;
75;51;main;75;INITIALIZATION;ORDER_CREATED;;CREATED;
76;51;main;76;INITIALIZATION;ORDER_CREATED;;CREATED;
77;51;main;77;INITIALIZATION;ORDER_CREATED;;CREATED;
78;51;main;78;INITIALIZATION;ORDER_CREATED;;CREATED;
79;51;main;79;INITIALIZATION;ORDER_CREATED;;CREATED;
80;51;main;80;INITIALIZATION;ORDER_CREATED;;CREATED;
81;51;main;81;INITIALIZATION;ORDER_CREATED;;CREATED;
82;51;main;82;INITIALIZATION;ORDER_CREATED;;CREATED;
83;51;main;83;INITIALIZATION;ORDER_CREATED;;CREATED;
84;51;main;84;INITIALIZATION;ORDER_CREATED;;CREATED;
85;51;main;85;INITIALIZATION;ORDER_CREATED;;CREATED;
86;51;main;86;INITIALIZATION;ORDER_CREATED;;CREATED;
87;51;main;87;INITIALIZATION;ORDER_CREATED;;CREATED;
88;51;main;88;INITIALIZATION;ORDER_CREATED;;CREATED;
89;51;main;89;INITIALIZATION;ORDER_CREATED;;CREATED;
90;51;main;90;INITIALIZATION;ORDER_CREATED;;CREATED;
91;51;main;91;INITIALIZATION;ORDER_CREATED;;CREATED;
92;52;main;92;INITIALIZATION;ORDER_CREATED;;CREATED;
93;52;main;93;INITIALIZATION;ORDER_CREATED;;CREATED;
94;52;main;94;INITIALIZATION;ORDER_CREATED;;CREATED;
95;52;main;95;INITIALIZATION;ORDER_CREATED;;CREATED;
96;52;main;96;INITIALIZATION;ORDER_CREATED;;CREATED;
97;52;main;97;INITIALIZATION;ORDER_CREATED;;CREATED;
98;52;main;98;INITIALIZATION;ORDER_CREATED;;CREATED;
99;52;main;99;INITIALIZATION;ORDER_CREATED;;CREATED;
100;52;main;100;INITIALIZATION;ORDER_CREATED;;CREATED;
101;52;main;101;INITIALIZATION;ORDER_CREATED;;CREATED;
102;52;main;102;INITIALIZATION;ORDER_CREATED;;CREATED;
103;52;main;103;INITIALIZATION;ORDER_CREATED;;CREATED;
104;52;main;104;INITIALIZATION;ORDER_CREATED;;CREATED;
105;52;main;105;INITIALIZATION;ORDER_CREATED;;CREATED;
106;52;main;106;INITIALIZATION;ORDER_CREATED;;CREATED;
107;52;main;107;INITIALIZATION;ORDER_CREATED;;CREATED;
108;52;main;108;INITIALIZATION;ORDER_CREATED;;CREATED;
109;52;main;109;INITIALIZATION;ORDER_CREATED;;CREATED;
110;52;main;110;INITIALIZATION;ORDER_CREATED;;CREATED;
111;52;main;111;INITIALIZATION;ORDER_CREATED;;CREATED;
112;52;main;112;INITIALIZATION;ORDER_CREATED;;CREATED;
113;52;main;113;INITIALIZATION;ORDER_CREATED;;CREATED;
114;52;main;114;INITIALIZATION;ORDER_CREATED;;CREATED;
115;52;main;115;INITIALIZATION;ORDER_CREATED;;CREATED;
116;52;main;116;INITIALIZATION;ORDER_CREATED;;CREATED;
117;52;main;117;INITIALIZATION;ORDER_CREATED;;CREATED;
118;52;main;118;INITIALIZATION;ORDER_CREATED;;CREATED;
119;52;main;119;INITIALIZATION;ORDER_CREATED;;CREATED;
120;52;main;120;INITIALIZATION;ORDER_CREATED;;CREATED;
121;52;main;121;INITIALIZATION;ORDER_CREATED;;CREATED;
122;52;main;122;INITIALIZATION;ORDER_CREATED;;CREATED;
123;52;main;123;INITIALIZATION;ORDER_CREATED;;CREATED;
124;52;main;124;INITIALIZATION;ORDER_CREATED;;CREATED;
125;52;main;125;INITIALIZATION;ORDER_CREATED;;CREATED;
126;52;main;126;INITIALIZATION;ORDER_CREATED;;CREATED;
127;52;main;127;INITIALIZATION;ORDER_CREATED;;CREATED;
128;52;main;128;INITIALIZATION;ORDER_CREATED;;CREATED;
129;52;main;129;INITIALIZATION;ORDER_CREATED;;CREATED;
130;52;main;130;INITIALIZATION;ORDER_CREATED;;CREATED;
131;52;main;131;INITIALIZATION;ORDER_CREATED;;CREATED;
132;52;main;132;INITIALIZATION;ORDER_CREATED;;CREATED;
133;52;main;133;INITIALIZATION;ORDER_CREATED;;CREATED;
134;52;main;134;INITIALIZATION;ORDER_CREATED;;CREATED;
135;52;main;135;INITIALIZATION;ORDER_CREATED;;CREATED;
136;52;main;136;INITIALIZATION;ORDER_CREATED;;CREATED;
137;52;main;137;INITIALIZATION;ORDER_CREATED;;CREATED;
138;52;main;138;INITIALIZATION;ORDER_CREATED;;CREATED;
139;52;main;139;INITIALIZATION;ORDER_CREATED;;CREATED;
140;52;main;140;INITIALIZATION;ORDER_CREATED;;CREATED;
141;53;main;141;INITIALIZATION;ORDER_CREATED;;CREATED;
142;53;main;142;INITIALIZATION;ORDER_CREATED;;CREATED;
143;53;main;143;INITIALIZATION;ORDER_CREATED;;CREATED;
144;53;main;144;INITIALIZATION;ORDER_CREATED;;CREATED;
145;53;main;145;INITIALIZATION;ORDER_CREATED;;CREATED;
146;53;main;146;INITIALIZATION;ORDER_CREATED;;CREATED;
147;53;main;147;INITIALIZATION;ORDER_CREATED;;CREATED;
148;53;main;148;INITIALIZATION;ORDER_CREATED;;CREATED;
149;53;main;149;INITIALIZATION;ORDER_CREATED;;CREATED;
150;53;main;150;INITIALIZATION;ORDER_CREATED;;CREATED;
151;53;main;151;INITIALIZATION;ORDER_CREATED;;CREATED;
152;53;main;152;INITIALIZATION;ORDER_CREATED;;CREATED;
153;53;main;153;INITIALIZATION;ORDER_CREATED;;CREATED;
154;53;main;154;INITIALIZATION;ORDER_CREATED;;CREATED;
155;53;main;155;INITIALIZATION;ORDER_CREATED;;CREATED;
156;53;main;156;INITIALIZATION;ORDER_CREATED;;CREATED;
157;53;main;157;INITIALIZATION;ORDER_CREATED;;CREATED;
158;53;main;158;INITIALIZATION;ORDER_CREATED;;CREATED;
159;53;main;159;INITIALIZATION;ORDER_CREATED;;CREATED;
160;53;main;160;INITIALIZATION;ORDER_CREATED;;CREATED;
161;53;main;161;INITIALIZATION;ORDER_CREATED;;CREATED;
162;53;main;162;INITIALIZATION;ORDER_CREATED;;CREATED;
163;53;main;163;INITIALIZATION;ORDER_CREATED;;CREATED;
164;53;main;164;INITIALIZATION;ORDER_CREATED;;CREATED;
165;53;main;165;INITIALIZATION;ORDER_CREATED;;CREATED;
166;53;main;166;INITIALIZATION;ORDER_CREATED;;CREATED;
167;53;main;167;INITIALIZATION;ORDER_CREATED;;CREATED;
168;53;main;168;INITIALIZATION;ORDER_CREATED;;CREATED;
169;53;main;169;INITIALIZATION;ORDER_CREATED;;CREATED;
170;53;main;170;INITIALIZATION;ORDER_CREATED;;CREATED;
171;53;main;171;INITIALIZATION;ORDER_CREATED;;CREATED;
172;53;main;172;INITIALIZATION;ORDER_CREATED;;CREATED;
173;53;main;173;INITIALIZATION;ORDER_CREATED;;CREATED;
174;53;main;174;INITIALIZATION;ORDER_CREATED;;CREATED;
175;53;main;175;INITIALIZATION;ORDER_CREATED;;CREATED;
176;53;main;176;INITIALIZATION;ORDER_CREATED;;CREATED;
177;53;main;177;INITIALIZATION;ORDER_CREATED;;CREATED;
178;53;main;178;INITIALIZATION;ORDER_CREATED;;CREATED;
179;53;main;179;INITIALIZATION;ORDER_CREATED;;CREATED;
180;53;main;180;INITIALIZATION;ORDER_CREATED;;CREATED;
181;54;main;181;INITIALIZATION;ORDER_CREATED;;CREATED;
182;54;main;182;INITIALIZATION;ORDER_CREATED;;CREATED;
183;54;main;183;INITIALIZATION;ORDER_CREATED;;CREATED;
184;54;main;184;INITIALIZATION;ORDER_CREATED;;CREATED;
185;54;main;185;INITIALIZATION;ORDER_CREATED;;CREATED;
186;54;main;186;INITIALIZATION;ORDER_CREATED;;CREATED;
187;54;main;187;INITIALIZATION;ORDER_CREATED;;CREATED;
188;54;main;188;INITIALIZATION;ORDER_CREATED;;CREATED;
189;54;main;189;INITIALIZATION;ORDER_CREATED;;CREATED;
190;54;main;190;INITIALIZATION;ORDER_CREATED;;CREATED;
191;54;main;191;INITIALIZATION;ORDER_CREATED;;CREATED;
192;54;main;192;INITIALIZATION;ORDER_CREATED;;CREATED;
193;54;main;193;INITIALIZATION;ORDER_CREATED;;CREATED;
194;54;main;194;INITIALIZATION;ORDER_CREATED;;CREATED;
195;54;main;195;INITIALIZATION;ORDER_CREATED;;CREATED;
196;54;main;196;INITIALIZATION;ORDER_CREATED;;CREATED;
197;54;main;197;INITIALIZATION;ORDER_CREATED;;CREATED;
198;54;main;198;INITIALIZATION;ORDER_CREATED;;CREATED;
199;54;main;199;INITIALIZATION;ORDER_CREATED;;CREATED;
200;54;main;200;INITIALIZATION;ORDER_CREATED;;CREATED;
201;54;main;201;INITIALIZATION;ORDER_CREATED;;CREATED;
202;54;main;202;INITIALIZATION;ORDER_CREATED;;CREATED;
203;54;main;203;INITIALIZATION;ORDER_CREATED;;CREATED;
204;54;main;204;INITIALIZATION;ORDER_CREATED;;CREATED;
205;54;main;205;INITIALIZATION;ORDER_CREATED;;CREATED;
206;54;main;206;INITIALIZATION;ORDER_CREATED;;CREATED;
207;54;main;207;INITIALIZATION;ORDER_CREATED;;CREATED;
208;54;main;208;INITIALIZATION;ORDER_CREATED;;CREATED;
209;54;main;209;INITIALIZATION;ORDER_CREATED;;CREATED;
210;54;main;210;INITIALIZATION;ORDER_CREATED;;CREATED;
211;54;main;211;INITIALIZATION;ORDER_CREATED;;CREATED;
212;54;main;212;INITIALIZATION;ORDER_CREATED;;CREATED;
213;54;main;213;INITIALIZATION;ORDER_CREATED;;CREATED;
214;54;main;214;INITIALIZATION;ORDER_CREATED;;CREATED;
215;54;main;215;INITIALIZATION;ORDER_CREATED;;CREATED;
216;54;main;216;INITIALIZATION;ORDER_CREATED;;CREATED;
217;54;main;217;INITIALIZATION;ORDER_CREATED;;CREATED;
218;54;main;218;INITIALIZATION;ORDER_CREATED;;CREATED;
219;54;main;219;INITIALIZATION;ORDER_CREATED;;CREATED;
220;54;main;220;INITIALIZATION;ORDER_CREATED;;CREATED;
221;54;main;221;INITIALIZATION;ORDER_CREATED;;CREATED;
222;54;main;222;INITIALIZATION;ORDER_CREATED;;CREATED;
223;54;main;223;INITIALIZATION;ORDER_CREATED;;CREATED;
224;54;main;224;INITIALIZATION;ORDER_CREATED;;CREATED;
225;54;main;225;INITIALIZATION;ORDER_CREATED;;CREATED;
226;54;main;226;INITIALIZATION;ORDER_CREATED;;CREATED;
227;54;main;227;INITIALIZATION;ORDER_CREATED;;CREATED;
228;54;main;228;INITIALIZATION;ORDER_CREATED;;CREATED;
229;54;main;229;INITIALIZATION;ORDER_CREATED;;CREATED;
230;54;main;230;INITIALIZATION;ORDER_CREATED;;CREATED;
231;54;main;231;INITIALIZATION;ORDER_CREATED;;CREATED;
232;54;main;232;INITIALIZATION;ORDER_CREATED;;CREATED;
233;54;main;233;INITIALIZATION;ORDER_CREATED;;CREATED;
234;54;main;234;INITIALIZATION;ORDER_CREATED;;CREATED;
235;54;main;235;INITIALIZATION;ORDER_CREATED;;CREATED;
236;54;main;236;INITIALIZATION;ORDER_CREATED;;CREATED;
237;54;main;237;INITIALIZATION;ORDER_CREATED;;CREATED;
238;54;main;238;INITIALIZATION;ORDER_CREATED;;CREATED;
239;54;main;239;INITIALIZATION;ORDER_CREATED;;CREATED;
240;54;main;240;INITIALIZATION;ORDER_CREATED;;CREATED;
241;54;main;241;INITIALIZATION;ORDER_CREATED;;CREATED;
242;54;main;242;INITIALIZATION;ORDER_CREATED;;CREATED;
243;55;main;243;INITIALIZATION;ORDER_CREATED;;CREATED;
244;55;main;244;INITIALIZATION;ORDER_CREATED;;CREATED;
245;55;main;245;INITIALIZATION;ORDER_CREATED;;CREATED;
246;55;main;246;INITIALIZATION;ORDER_CREATED;;CREATED;
247;55;main;247;INITIALIZATION;ORDER_CREATED;;CREATED;
248;55;main;248;INITIALIZATION;ORDER_CREATED;;CREATED;
249;55;main;249;INITIALIZATION;ORDER_CREATED;;CREATED;
250;55;main;250;INITIALIZATION;ORDER_CREATED;;CREATED;
251;55;main;251;INITIALIZATION;ORDER_CREATED;;CREATED;
252;55;main;252;INITIALIZATION;ORDER_CREATED;;CREATED;
253;55;main;253;INITIALIZATION;ORDER_CREATED;;CREATED;
254;55;main;254;INITIALIZATION;ORDER_CREATED;;CREATED;
255;55;main;255;INITIALIZATION;ORDER_CREATED;;CREATED;
256;55;main;256;INITIALIZATION;ORDER_CREATED;;CREATED;
257;55;main;257;INITIALIZATION;ORDER_CREATED;;CREATED;
258;55;main;258;INITIALIZATION;ORDER_CREATED;;CREATED;
259;55;main;259;INITIALIZATION;ORDER_CREATED;;CREATED;
260;55;main;260;INITIALIZATION;ORDER_CREATED;;CREATED;
261;55;main;261;INITIALIZATION;ORDER_CREATED;;CREATED;
262;55;main;262;INITIALIZATION;ORDER_CREATED;;CREATED;
263;55;main;263;INITIALIZATION;ORDER_CREATED;;CREATED;
264;55;main;264;INITIALIZATION;ORDER_CREATED;;CREATED;
265;55;main;265;INITIALIZATION;ORDER_CREATED;;CREATED;
266;55;main;266;INITIALIZATION;ORDER_CREATED;;CREATED;
267;55;main;267;INITIALIZATION;ORDER_CREATED;;CREATED;
268;55;main;268;INITIALIZATION;ORDER_CREATED;;CREATED;
269;55;main;269;INITIALIZATION;ORDER_CREATED;;CREATED;
270;55;main;270;INITIALIZATION;ORDER_CREATED;;CREATED;
271;55;main;271;INITIALIZATION;ORDER_CREATED;;CREATED;
272;55;main;272;INITIALIZATION;ORDER_CREATED;;CREATED;
273;55;main;273;INITIALIZATION;ORDER_CREATED;;CREATED;
274;55;main;274;INITIALIZATION;ORDER_CREATED;;CREATED;
275;55;main;275;INITIALIZATION;ORDER_CREATED;;CREATED;
276;55;main;276;INITIALIZATION;ORDER_CREATED;;CREATED;
277;55;main;277;INITIALIZATION;ORDER_CREATED;;CREATED;
278;55;main;278;INITIALIZATION;ORDER_CREATED;;CREATED;
279;55;main;279;INITIALIZATION;ORDER_CREATED;;CREATED;
280;55;main;280;INITIALIZATION;ORDER_CREATED;;CREATED;
281;55;main;281;INITIALIZATION;ORDER_CREATED;;CREATED;
282;55;main;282;INITIALIZATION;ORDER_CREATED;;CREATED;
283;55;main;283;INITIALIZATION;ORDER_CREATED;;CREATED;
284;55;main;284;INITIALIZATION;ORDER_CREATED;;CREATED;
285;55;main;285;INITIALIZATION;ORDER_CREATED;;CREATED;
286;55;main;286;INITIALIZATION;ORDER_CREATED;;CREATED;
287;55;main;287;INITIALIZATION;ORDER_CREATED;;CREATED;
288;55;main;288;INITIALIZATION;ORDER_CREATED;;CREATED;
289;55;main;289;INITIALIZATION;ORDER_CREATED;;CREATED;
290;55;main;290;INITIALIZATION;ORDER_CREATED;;CREATED;
291;55;main;291;INITIALIZATION;ORDER_CREATED;;CREATED;
292;55;main;292;INITIALIZATION;ORDER_CREATED;;CREATED;
293;55;main;293;INITIALIZATION;ORDER_CREATED;;CREATED;
294;55;main;294;INITIALIZATION;ORDER_CREATED;;CREATED;
295;55;main;295;INITIALIZATION;ORDER_CREATED;;CREATED;
296;55;main;296;INITIALIZATION;ORDER_CREATED;;CREATED;
297;56;main;297;INITIALIZATION;ORDER_CREATED;;CREATED;
298;56;main;298;INITIALIZATION;ORDER_CREATED;;CREATED;
299;56;main;299;INITIALIZATION;ORDER_CREATED;;CREATED;
300;56;main;300;INITIALIZATION;ORDER_CREATED;;CREATED;
301;56;main;301;INITIALIZATION;ORDER_CREATED;;CREATED;
302;56;main;302;INITIALIZATION;ORDER_CREATED;;CREATED;
303;56;main;303;INITIALIZATION;ORDER_CREATED;;CREATED;
304;56;main;304;INITIALIZATION;ORDER_CREATED;;CREATED;
305;56;main;305;INITIALIZATION;ORDER_CREATED;;CREATED;
306;56;main;306;INITIALIZATION;ORDER_CREATED;;CREATED;
307;56;main;307;INITIALIZATION;ORDER_CREATED;;CREATED;
308;56;main;308;INITIALIZATION;ORDER_CREATED;;CREATED;
309;56;main;309;INITIALIZATION;ORDER_CREATED;;CREATED;
310;56;main;310;INITIALIZATION;ORDER_CREATED;;CREATED;
311;56;main;311;INITIALIZATION;ORDER_CREATED;;CREATED;
312;56;main;312;INITIALIZATION;ORDER_CREATED;;CREATED;
313;56;main;313;INITIALIZATION;ORDER_CREATED;;CREATED;
314;56;main;314;INITIALIZATION;ORDER_CREATED;;CREATED;
315;56;main;315;INITIALIZATION;ORDER_CREATED;;CREATED;
316;56;main;316;INITIALIZATION;ORDER_CREATED;;CREATED;
317;56;main;317;INITIALIZATION;ORDER_CREATED;;CREATED;
318;56;main;318;INITIALIZATION;ORDER_CREATED;;CREATED;
319;56;main;319;INITIALIZATION;ORDER_CREATED;;CREATED;
320;56;main;320;INITIALIZATION;ORDER_CREATED;;CREATED;
321;56;main;321;INITIALIZATION;ORDER_CREATED;;CREATED;
322;56;main;322;INITIALIZATION;ORDER_CREATED;;CREATED;
323;56;main;323;INITIALIZATION;ORDER_CREATED;;CREATED;
324;56;main;324;INITIALIZATION;ORDER_CREATED;;CREATED;
325;56;main;325;INITIALIZATION;ORDER_CREATED;;CREATED;
326;56;main;326;INITIALIZATION;ORDER_CREATED;;CREATED;
327;56;main;327;INITIALIZATION;ORDER_CREATED;;CREATED;
328;56;main;328;INITIALIZATION;ORDER_CREATED;;CREATED;
329;56;main;329;INITIALIZATION;ORDER_CREATED;;CREATED;
330;56;main;330;INITIALIZATION;ORDER_CREATED;;CREATED;
331;56;main;331;INITIALIZATION;ORDER_CREATED;;CREATED;
332;56;main;332;INITIALIZATION;ORDER_CREATED;;CREATED;
333;56;main;333;INITIALIZATION;ORDER_CREATED;;CREATED;
334;56;main;334;INITIALIZATION;ORDER_CREATED;;CREATED;
335;56;main;335;INITIALIZATION;ORDER_CREATED;;CREATED;
336;57;main;336;INITIALIZATION;ORDER_CREATED;;CREATED;
337;57;main;337;INITIALIZATION;ORDER_CREATED;;CREATED;
338;57;main;338;INITIALIZATION;ORDER_CREATED;;CREATED;
339;57;main;339;INITIALIZATION;ORDER_CREATED;;CREATED;
340;57;main;340;INITIALIZATION;ORDER_CREATED;;CREATED;
341;57;main;341;INITIALIZATION;ORDER_CREATED;;CREATED;
342;57;main;342;INITIALIZATION;ORDER_CREATED;;CREATED;
343;57;main;343;INITIALIZATION;ORDER_CREATED;;CREATED;
344;57;main;344;INITIALIZATION;ORDER_CREATED;;CREATED;
345;57;main;345;INITIALIZATION;ORDER_CREATED;;CREATED;
346;57;main;346;INITIALIZATION;ORDER_CREATED;;CREATED;
347;57;main;347;INITIALIZATION;ORDER_CREATED;;CREATED;
348;57;main;348;INITIALIZATION;ORDER_CREATED;;CREATED;
349;57;main;349;INITIALIZATION;ORDER_CREATED;;CREATED;
350;57;main;350;INITIALIZATION;ORDER_CREATED;;CREATED;
351;57;main;351;INITIALIZATION;ORDER_CREATED;;CREATED;
352;57;main;352;INITIALIZATION;ORDER_CREATED;;CREATED;
353;57;main;353;INITIALIZATION;ORDER_CREATED;;CREATED;
354;57;main;354;INITIALIZATION;ORDER_CREATED;;CREATED;
355;57;main;355;INITIALIZATION;ORDER_CREATED;;CREATED;
356;57;main;356;INITIALIZATION;ORDER_CREATED;;CREATED;
357;57;main;357;INITIALIZATION;ORDER_CREATED;;CREATED;
358;57;main;358;INITIALIZATION;ORDER_CREATED;;CREATED;
359;57;main;359;INITIALIZATION;ORDER_CREATED;;CREATED;
360;57;main;360;INITIALIZATION;ORDER_CREATED;;CREATED;
361;57;main;361;INITIALIZATION;ORDER_CREATED;;CREATED;
362;57;main;362;INITIALIZATION;ORDER_CREATED;;CREATED;
363;57;main;363;INITIALIZATION;ORDER_CREATED;;CREATED;
364;57;main;364;INITIALIZATION;ORDER_CREATED;;CREATED;
365;57;main;365;INITIALIZATION;ORDER_CREATED;;CREATED;
366;57;main;366;INITIALIZATION;ORDER_CREATED;;CREATED;
367;57;main;367;INITIALIZATION;ORDER_CREATED;;CREATED;
368;57;main;368;INITIALIZATION;ORDER_CREATED;;CREATED;
369;57;main;369;INITIALIZATION;ORDER_CREATED;;CREATED;
370;57;main;370;INITIALIZATION;ORDER_CREATED;;CREATED;
371;57;main;371;INITIALIZATION;ORDER_CREATED;;CREATED;
372;57;main;372;INITIALIZATION;ORDER_CREATED;;CREATED;
373;57;main;373;INITIALIZATION;ORDER_CREATED;;CREATED;
374;57;main;374;INITIALIZATION;ORDER_CREATED;;CREATED;
375;57;main;375;INITIALIZATION;ORDER_CREATED;;CREATED;
376;57;main;376;INITIALIZATION;ORDER_CREATED;;CREATED;
377;57;main;377;INITIALIZATION;ORDER_CREATED;;CREATED;
378;57;main;378;INITIALIZATION;ORDER_CREATED;;CREATED;
379;57;main;379;INITIALIZATION;ORDER_CREATED;;CREATED;
380;57;main;380;INITIALIZATION;ORDER_CREATED;;CREATED;
381;57;main;381;INITIALIZATION;ORDER_CREATED;;CREATED;
382;57;main;382;INITIALIZATION;ORDER_CREATED;;CREATED;
383;57;main;383;INITIALIZATION;ORDER_CREATED;;CREATED;
384;57;main;384;INITIALIZATION;ORDER_CREATED;;CREATED;
385;57;main;385;INITIALIZATION;ORDER_CREATED;;CREATED;
386;57;main;386;INITIALIZATION;ORDER_CREATED;;CREATED;
387;57;main;387;INITIALIZATION;ORDER_CREATED;;CREATED;
388;57;main;388;INITIALIZATION;ORDER_CREATED;;CREATED;
389;57;main;389;INITIALIZATION;ORDER_CREATED;;CREATED;
390;57;main;390;INITIALIZATION;ORDER_CREATED;;CREATED;
391;57;main;391;INITIALIZATION;ORDER_CREATED;;CREATED;
392;57;main;392;INITIALIZATION;ORDER_CREATED;;CREATED;
393;57;main;393;INITIALIZATION;ORDER_CREATED;;CREATED;
394;57;main;394;INITIALIZATION;ORDER_CREATED;;CREATED;
395;57;main;395;INITIALIZATION;ORDER_CREATED;;CREATED;
396;57;main;396;INITIALIZATION;ORDER_CREATED;;CREATED;
397;57;main;397;INITIALIZATION;ORDER_CREATED;;CREATED;
398;57;main;398;INITIALIZATION;ORDER_CREATED;;CREATED;
399;57;main;399;INITIALIZATION;ORDER_CREATED;;CREATED;
400;57;main;400;INITIALIZATION;ORDER_CREATED;;CREATED;
401;57;main;401;INITIALIZATION;ORDER_CREATED;;CREATED;
402;57;main;402;INITIALIZATION;ORDER_CREATED;;CREATED;
403;57;main;403;INITIALIZATION;ORDER_CREATED;;CREATED;
404;57;main;404;INITIALIZATION;ORDER_CREATED;;CREATED;
405;57;main;405;INITIALIZATION;ORDER_CREATED;;CREATED;
406;57;main;406;INITIALIZATION;ORDER_CREATED;;CREATED;
407;57;main;407;INITIALIZATION;ORDER_CREATED;;CREATED;
408;57;main;408;INITIALIZATION;ORDER_CREATED;;CREATED;
409;57;main;409;INITIALIZATION;ORDER_CREATED;;CREATED;
410;57;main;410;INITIALIZATION;ORDER_CREATED;;CREATED;
411;57;main;411;INITIALIZATION;ORDER_CREATED;;CREATED;
412;57;main;412;INITIALIZATION;ORDER_CREATED;;CREATED;
413;57;main;413;INITIALIZATION;ORDER_CREATED;;CREATED;
414;57;main;414;INITIALIZATION;ORDER_CREATED;;CREATED;
415;57;main;415;INITIALIZATION;ORDER_CREATED;;CREATED;
416;57;main;416;INITIALIZATION;ORDER_CREATED;;CREATED;
417;57;main;417;INITIALIZATION;ORDER_CREATED;;CREATED;
418;57;main;418;INITIALIZATION;ORDER_CREATED;;CREATED;
419;57;main;419;INITIALIZATION;ORDER_CREATED;;CREATED;
420;57;main;420;INITIALIZATION;ORDER_CREATED;;CREATED;
421;57;main;421;INITIALIZATION;ORDER_CREATED;;CREATED;
422;57;main;422;INITIALIZATION;ORDER_CREATED;;CREATED;
423;57;main;423;INITIALIZATION;ORDER_CREATED;;CREATED;
424;57;main;424;INITIALIZATION;ORDER_CREATED;;CREATED;
425;57;main;425;INITIALIZATION;ORDER_CREATED;;CREATED;
426;58;main;426;INITIALIZATION;ORDER_CREATED;;CREATED;
427;58;main;427;INITIALIZATION;ORDER_CREATED;;CREATED;
428;58;main;428;INITIALIZATION;ORDER_CREATED;;CREATED;
429;58;main;429;INITIALIZATION;ORDER_CREATED;;CREATED;
430;58;main;430;INITIALIZATION;ORDER_CREATED;;CREATED;
431;58;main;431;INITIALIZATION;ORDER_CREATED;;CREATED;
432;58;main;432;INITIALIZATION;ORDER_CREATED;;CREATED;
433;58;main;433;INITIALIZATION;ORDER_CREATED;;CREATED;
434;58;main;434;INITIALIZATION;ORDER_CREATED;;CREATED;
435;58;main;435;INITIALIZATION;ORDER_CREATED;;CREATED;
436;58;main;436;INITIALIZATION;ORDER_CREATED;;CREATED;
437;58;main;437;INITIALIZATION;ORDER_CREATED;;CREATED;
438;58;main;438;INITIALIZATION;ORDER_CREATED;;CREATED;
439;58;main;439;INITIALIZATION;ORDER_CREATED;;CREATED;
440;58;main;440;INITIALIZATION;ORDER_CREATED;;CREATED;
441;58;main;441;INITIALIZATION;ORDER_CREATED;;CREATED;
442;58;main;442;INITIALIZATION;ORDER_CREATED;;CREATED;
443;58;main;443;INITIALIZATION;ORDER_CREATED;;CREATED;
444;58;main;444;INITIALIZATION;ORDER_CREATED;;CREATED;
445;58;main;445;INITIALIZATION;ORDER_CREATED;;CREATED;
446;58;main;446;INITIALIZATION;ORDER_CREATED;;CREATED;
447;58;main;447;INITIALIZATION;ORDER_CREATED;;CREATED;
448;58;main;448;INITIALIZATION;ORDER_CREATED;;CREATED;
449;58;main;449;INITIALIZATION;ORDER_CREATED;;CREATED;
450;58;main;450;INITIALIZATION;ORDER_CREATED;;CREATED;
451;58;main;451;INITIALIZATION;ORDER_CREATED;;CREATED;
452;58;main;452;INITIALIZATION;ORDER_CREATED;;CREATED;
453;58;main;453;INITIALIZATION;ORDER_CREATED;;CREATED;
454;58;main;454;INITIALIZATION;ORDER_CREATED;;CREATED;
455;58;main;455;INITIALIZATION;ORDER_CREATED;;CREATED;
456;58;main;456;INITIALIZATION;ORDER_CREATED;;CREATED;
457;58;main;457;INITIALIZATION;ORDER_CREATED;;CREATED;
458;58;main;458;INITIALIZATION;ORDER_CREATED;;CREATED;
459;58;main;459;INITIALIZATION;ORDER_CREATED;;CREATED;
460;58;main;460;INITIALIZATION;ORDER_CREATED;;CREATED;
461;58;main;461;INITIALIZATION;ORDER_CREATED;;CREATED;
462;58;main;462;INITIALIZATION;ORDER_CREATED;;CREATED;
463;58;main;463;INITIALIZATION;ORDER_CREATED;;CREATED;
464;58;main;464;INITIALIZATION;ORDER_CREATED;;CREATED;
465;58;main;465;INITIALIZATION;ORDER_CREATED;;CREATED;
466;58;main;466;INITIALIZATION;ORDER_CREATED;;CREATED;
467;58;main;467;INITIALIZATION;ORDER_CREATED;;CREATED;
468;58;main;468;INITIALIZATION;ORDER_CREATED;;CREATED;
469;58;main;469;INITIALIZATION;ORDER_CREATED;;CREATED;
470;58;main;470;INITIALIZATION;ORDER_CREATED;;CREATED;
471;59;main;471;INITIALIZATION;ORDER_CREATED;;CREATED;
472;59;main;472;INITIALIZATION;ORDER_CREATED;;CREATED;
473;59;main;473;INITIALIZATION;ORDER_CREATED;;CREATED;
474;59;main;474;INITIALIZATION;ORDER_CREATED;;CREATED;
475;59;main;475;INITIALIZATION;ORDER_CREATED;;CREATED;
476;59;main;476;INITIALIZATION;ORDER_CREATED;;CREATED;
477;59;main;477;INITIALIZATION;ORDER_CREATED;;CREATED;
478;59;main;478;INITIALIZATION;ORDER_CREATED;;CREATED;
479;59;main;479;INITIALIZATION;ORDER_CREATED;;CREATED;
480;59;main;480;INITIALIZATION;ORDER_CREATED;;CREATED;
481;59;main;481;INITIALIZATION;ORDER_CREATED;;CREATED;
482;59;main;482;INITIALIZATION;ORDER_CREATED;;CREATED;
483;59;main;483;INITIALIZATION;ORDER_CREATED;;CREATED;
484;59;main;484;INITIALIZATION;ORDER_CREATED;;CREATED;
485;59;main;485;INITIALIZATION;ORDER_CREATED;;CREATED;
486;59;main;486;INITIALIZATION;ORDER_CREATED;;CREATED;
487;59;main;487;INITIALIZATION;ORDER_CREATED;;CREATED;
488;59;main;488;INITIALIZATION;ORDER_CREATED;;CREATED;
489;59;main;489;INITIALIZATION;ORDER_CREATED;;CREATED;
490;59;main;490;INITIALIZATION;ORDER_CREATED;;CREATED;
491;59;main;491;INITIALIZATION;ORDER_CREATED;;CREATED;
492;59;main;492;INITIALIZATION;ORDER_CREATED;;CREATED;
493;59;main;493;INITIALIZATION;ORDER_CREATED;;CREATED;
494;59;main;494;INITIALIZATION;ORDER_CREATED;;CREATED;
495;59;main;495;INITIALIZATION;ORDER_CREATED;;CREATED;
496;59;main;496;INITIALIZATION;ORDER_CREATED;;CREATED;
497;59;main;497;INITIALIZATION;ORDER_CREATED;;CREATED;
498;59;main;498;INITIALIZATION;ORDER_CREATED;;CREATED;
499;59;main;499;INITIALIZATION;ORDER_CREATED;;CREATED;
500;59;main;500;INITIALIZATION;ORDER_CREATED;;CREATED;
501;129;assignment-3;2;ASSIGNMENT;ORDER_STATE_CHANGED;CREATED;WAITING_VALIDATION;P-0-2
502;129;assignment-2;3;ASSIGNMENT;ORDER_STATE_CHANGED;CREATED;WAITING_VALIDATION;P-0-1
503;129;assignment-1;1;ASSIGNMENT;ORDER_STATE_CHANGED;CREATED;WAITING_VALIDATION;P-0-0
504;181;assignment-3;4;ASSIGNMENT;ORDER_STATE_CHANGED;CREATED;WAITING_VALIDATION;P-0-3
505;192;assignment-1;6;ASSIGNMENT;ORDER_STATE_CHANGED;CREATED;WAITING_VALIDATION;P-0-4
506;192;assignment-2;5;ASSIGNMENT;ORDER_STATE_CHANGED;CREATED;WAITING_VALIDATION;P-0-5
507;240;assignment-3;7;ASSIGNMENT;ORDER_STATE_CHANGED;CREATED;WAITING_VALIDATION;P-0-6
508;255;assignment-1;8;ASSIGNMENT;ORDER_STATE_CHANGED;CREATED;WAITING_VALIDATION;P-0-7
509;255;assignment-2;9;ASSIGNMENT;ORDER_STATE_CHANGED;CREATED;WAITING_VALIDATION;P-0-8
510;256;validation-2;3;VALIDATION;ORDER_STATE_CHANGED;WAITING_VALIDATION;READY_TO_PRINT;P-0-1
511;256;validation-1;2;VALIDATION;ORDER_STATE_CHANGED;WAITING_VALIDATION;READY_TO_PRINT;P-0-2
512;303;assignment-3;10;ASSIGNMENT;ORDER_STATE_CHANGED;CREATED;WAITING_VALIDATION;P-0-9
513;305;assignment-1;11;ASSIGNMENT;ORDER_STATE_CHANGED;CREATED;WAITING_VALIDATION;P-0-10
514;306;assignment-2;12;ASSIGNMENT;ORDER_STATE_CHANGED;CREATED;WAITING_VALIDATION;P-0-11
515;356;assignment-1;14;ASSIGNMENT;ORDER_STATE_CHANGED;CREATED;WAITING_VALIDATION;P-0-12
516;366;assignment-2;15;ASSIGNMENT;ORDER_STATE_CHANGED;CREATED;WAITING_VALIDATION;P-0-14
517;366;assignment-3;13;ASSIGNMENT;ORDER_STATE_CHANGED;CREATED;WAITING_VALIDATION;P-0-13
518;382;validation-1;4;VALIDATION;ORDER_STATE_CHANGED;WAITING_VALIDATION;READY_TO_PRINT;P-0-3
519;382;validation-2;1;VALIDATION;ORDER_STATE_CHANGED;WAITING_VALIDATION;READY_TO_PRINT;P-0-0
520;413;assignment-1;16;ASSIGNMENT;ORDER_STATE_CHANGED;CREATED;WAITING_VALIDATION;P-0-15
521;428;assignment-2;18;ASSIGNMENT;ORDER_STATE_CHANGED;CREATED;WAITING_VALIDATION;P-0-16
522;428;assignment-3;17;ASSIGNMENT;ORDER_STATE_CHANGED;CREATED;WAITING_VALIDATION;P-0-17
523;444;printing-2;3;PRINTING;ORDER_STATE_CHANGED;READY_TO_PRINT;PRINTED;P-0-1
524;444;printing-3;2;PRINTING;ORDER_STATE_CHANGED;READY_TO_PRINT;PRINTED;P-0-2
525;476;assignment-1;19;ASSIGNMENT;ORDER_STATE_CHANGED;CREATED;WAITING_VALIDATION;P-0-1
526;492;assignment-3;21;ASSIGNMENT;ORDER_STATE_CHANGED;CREATED;WAITING_VALIDATION;P-0-2
527;492;assignment-2;20;ASSIGNMENT;ORDER_STATE_CHANGED;CREATED;WAITING_VALIDATION;P-0-18
528;507;validation-1;6;VALIDATION;ORDER_STATE_CHANGED;WAITING_VALIDATION;READY_TO_PRINT;P-0-4
529;507;validation-2;5;VALIDATION;ORDER_STATE_CHANGED;WAITING_VALIDATION;REJECTED;P-0-5
530;539;assignment-1;22;ASSIGNMENT;ORDER_STATE_CHANGED;CREATED;WAITING_VALIDATION;P-0-5
531;539;quality-2;3;QUALITY_CONTROL;ORDER_STATE_CHANGED;PRINTED;APPROVED;
532;539;quality-1;2;QUALITY_CONTROL;ORDER_STATE_CHANGED;PRINTED;APPROVED;
533;555;assignment-3;24;ASSIGNMENT;ORDER_STATE_CHANGED;CREATED;WAITING_VALIDATION;P-0-19
534;555;assignment-2;23;ASSIGNMENT;ORDER_STATE_CHANGED;CREATED;WAITING_VALIDATION;P-1-0
535;571;printing-1;4;PRINTING;ORDER_STATE_CHANGED;READY_TO_PRINT;PRINTED;P-0-3
536;602;assignment-1;25;ASSIGNMENT;ORDER_STATE_CHANGED;CREATED;WAITING_VALIDATION;P-0-3
537;618;assignment-3;26;ASSIGNMENT;ORDER_STATE_CHANGED;CREATED;WAITING_VALIDATION;P-1-1
538;618;assignment-2;27;ASSIGNMENT;ORDER_STATE_CHANGED;CREATED;WAITING_VALIDATION;P-1-2
539;634;validation-1;7;VALIDATION;ORDER_STATE_CHANGED;WAITING_VALIDATION;REJECTED;P-0-6
540;634;printing-3;1;PRINTING;ORDER_STATE_CHANGED;READY_TO_PRINT;PRINTED;P-0-0
541;634;validation-2;8;VALIDATION;ORDER_STATE_CHANGED;WAITING_VALIDATION;READY_TO_PRINT;P-0-7
542;666;quality-2;4;QUALITY_CONTROL;ORDER_STATE_CHANGED;PRINTED;APPROVED;
543;666;assignment-1;28;ASSIGNMENT;ORDER_STATE_CHANGED;CREATED;WAITING_VALIDATION;P-0-0
544;681;assignment-3;29;ASSIGNMENT;ORDER_STATE_CHANGED;CREATED;WAITING_VALIDATION;P-0-6
545;681;assignment-2;30;ASSIGNMENT;ORDER_STATE_CHANGED;CREATED;WAITING_VALIDATION;P-1-3
546;697;printing-2;6;PRINTING;ORDER_STATE_CHANGED;READY_TO_PRINT;PRINTED;P-0-4
547;728;assignment-1;31;ASSIGNMENT;ORDER_STATE_CHANGED;CREATED;WAITING_VALIDATION;P-0-4
548;728;quality-1;1;QUALITY_CONTROL;ORDER_STATE_CHANGED;PRINTED;APPROVED;
549;732;assignment-3;32;ASSIGNMENT;ORDER_STATE_CHANGED;CREATED;WAITING_VALIDATION;P-1-4
550;745;assignment-2;33;ASSIGNMENT;ORDER_STATE_CHANGED;CREATED;WAITING_VALIDATION;P-1-5
551;760;validation-2;10;VALIDATION;ORDER_STATE_CHANGED;WAITING_VALIDATION;READY_TO_PRINT;P-0-9
552;760;validation-1;9;VALIDATION;ORDER_STATE_CHANGED;WAITING_VALIDATION;READY_TO_PRINT;P-0-8
553;791;quality-2;6;QUALITY_CONTROL;ORDER_STATE_CHANGED;PRINTED;APPROVED;
554;791;assignment-1;34;ASSIGNMENT;ORDER_STATE_CHANGED;CREATED;WAITING_VALIDATION;P-1-7
555;791;assignment-3;35;ASSIGNMENT;ORDER_STATE_CHANGED;CREATED;WAITING_VALIDATION;P-1-6
556;807;assignment-2;36;ASSIGNMENT;ORDER_STATE_CHANGED;CREATED;WAITING_VALIDATION;P-1-8
557;822;printing-1;8;PRINTING;ORDER_STATE_CHANGED;READY_TO_PRINT;PRINT_FAILED;P-0-7
558;853;assignment-3;38;ASSIGNMENT;ORDER_STATE_CHANGED;CREATED;WAITING_VALIDATION;P-1-9
559;853;assignment-1;37;ASSIGNMENT;ORDER_STATE_CHANGED;CREATED;WAITING_VALIDATION;P-1-10
560;870;assignment-2;39;ASSIGNMENT;ORDER_STATE_CHANGED;CREATED;WAITING_VALIDATION;P-1-11
561;885;validation-2;12;VALIDATION;ORDER_STATE_CHANGED;WAITING_VALIDATION;READY_TO_PRINT;P-0-11
562;885;validation-1;11;VALIDATION;ORDER_STATE_CHANGED;WAITING_VALIDATION;READY_TO_PRINT;P-0-10
563;917;assignment-1;41;ASSIGNMENT;ORDER_STATE_CHANGED;CREATED;WAITING_VALIDATION;P-1-12
564;917;assignment-3;40;ASSIGNMENT;ORDER_STATE_CHANGED;CREATED;WAITING_VALIDATION;P-1-13
565;932;assignment-2;42;ASSIGNMENT;ORDER_STATE_CHANGED;CREATED;WAITING_VALIDATION;P-1-14
566;947;printing-2;9;PRINTING;ORDER_STATE_CHANGED;READY_TO_PRINT;PRINTED;P-0-8
567;947;printing-3;10;PRINTING;ORDER_STATE_CHANGED;READY_TO_PRINT;PRINTED;P-0-9
568;979;assignment-3;44;ASSIGNMENT;ORDER_STATE_CHANGED;CREATED;WAITING_VALIDATION;P-0-8
569;979;assignment-1;43;ASSIGNMENT;ORDER_STATE_CHANGED;CREATED;WAITING_VALIDATION;P-0-9
570;995;assignment-2;45;ASSIGNMENT;ORDER_STATE_CHANGED;CREATED;WAITING_VALIDATION;P-1-15
571;1010;validation-2;15;VALIDATION;ORDER_STATE_CHANGED;WAITING_VALIDATION;READY_TO_PRINT;P-0-14
572;1010;validation-1;14;VALIDATION;ORDER_STATE_CHANGED;WAITING_VALIDATION;READY_TO_PRINT;P-0-12
573;1041;assignment-1;47;ASSIGNMENT;ORDER_STATE_CHANGED;CREATED;WAITING_VALIDATION;P-1-16
574;1042;assignment-3;46;ASSIGNMENT;ORDER_STATE_CHANGED;CREATED;WAITING_VALIDATION;P-1-17
575;1042;quality-1;9;QUALITY_CONTROL;ORDER_STATE_CHANGED;PRINTED;APPROVED;
576;1042;quality-2;10;QUALITY_CONTROL;ORDER_STATE_CHANGED;PRINTED;APPROVED;
577;1057;assignment-2;48;ASSIGNMENT;ORDER_STATE_CHANGED;CREATED;WAITING_VALIDATION;P-1-18
578;1073;printing-1;12;PRINTING;ORDER_STATE_CHANGED;READY_TO_PRINT;PRINTED;P-0-11
579;1092;assignment-3;50;ASSIGNMENT;ORDER_STATE_CHANGED;CREATED;WAITING_VALIDATION;P-0-11
580;1092;assignment-1;49;ASSIGNMENT;ORDER_STATE_CHANGED;CREATED;WAITING_VALIDATION;P-1-19
581;1119;assignment-2;51;ASSIGNMENT;ORDER_STATE_CHANGED;CREATED;WAITING_VALIDATION;P-2-0
582;1135;validation-2;13;VALIDATION;ORDER_STATE_CHANGED;WAITING_VALIDATION;READY_TO_PRINT;P-0-13
583;1135;printing-3;11;PRINTING;ORDER_STATE_CHANGED;READY_TO_PRINT;PRINTED;P-0-10
584;1135;validation-1;16;VALIDATION;ORDER_STATE_CHANGED;WAITING_VALIDATION;READY_TO_PRINT;P-0-15
585;1150;assignment-3;52;ASSIGNMENT;ORDER_STATE_CHANGED;CREATED;WAITING_VALIDATION;P-0-10
586;1150;assignment-1;53;ASSIGNMENT;ORDER_STATE_CHANGED;CREATED;WAITING_VALIDATION;P-2-1
587;1167;quality-1;12;QUALITY_CONTROL;ORDER_STATE_CHANGED;PRINTED;APPROVED;
588;1183;assignment-2;54;ASSIGNMENT;ORDER_STATE_CHANGED;CREATED;WAITING_VALIDATION;P-2-2
589;1199;printing-2;15;PRINTING;ORDER_STATE_CHANGED;READY_TO_PRINT;PRINTED;P-0-14
590;1215;assignment-1;56;ASSIGNMENT;ORDER_STATE_CHANGED;CREATED;WAITING_VALIDATION;P-0-14
591;1215;assignment-3;55;ASSIGNMENT;ORDER_STATE_CHANGED;CREATED;WAITING_VALIDATION;P-2-3
592;1230;quality-2;11;QUALITY_CONTROL;ORDER_STATE_CHANGED;PRINTED;APPROVED;
593;1246;assignment-2;57;ASSIGNMENT;ORDER_STATE_CHANGED;CREATED;WAITING_VALIDATION;P-2-4
594;1261;validation-2;18;VALIDATION;ORDER_STATE_CHANGED;WAITING_VALIDATION;READY_TO_PRINT;P-0-16
595;1261;validation-1;17;VALIDATION;ORDER_STATE_CHANGED;WAITING_VALIDATION;READY_TO_PRINT;P-0-17
596;1261;printing-1;14;PRINTING;ORDER_STATE_CHANGED;READY_TO_PRINT;PRINTED;P-0-12
597;1276;assignment-3;59;ASSIGNMENT;ORDER_STATE_CHANGED;CREATED;WAITING_VALIDATION;P-0-12
598;1276;assignment-1;58;ASSIGNMENT;ORDER_STATE_CHANGED;CREATED;WAITING_VALIDATION;P-2-5
599;1292;quality-1;15;QUALITY_CONTROL;ORDER_STATE_CHANGED;PRINTED;APPROVED;
600;1307;assignment-2;60;ASSIGNMENT;ORDER_STATE_CHANGED;CREATED;WAITING_VALIDATION;P-2-6
601;1323;printing-3;13;PRINTING;ORDER_STATE_CHANGED;READY_TO_PRINT;PRINTED;P-0-13
602;1340;assignment-1;62;ASSIGNMENT;ORDER_STATE_CHANGED;CREATED;WAITING_VALIDATION;P-0-13
603;1340;assignment-3;61;ASSIGNMENT;ORDER_STATE_CHANGED;CREATED;WAITING_VALIDATION;P-2-7
604;1355;quality-2;14;QUALITY_CONTROL;ORDER_STATE_CHANGED;PRINTED;APPROVED;
605;1371;assignment-2;63;ASSIGNMENT;ORDER_STATE_CHANGED;CREATED;WAITING_VALIDATION;P-2-8
606;1387;printing-2;16;PRINTING;ORDER_STATE_CHANGED;READY_TO_PRINT;PRINTED;P-0-15
607;1387;validation-2;19;VALIDATION;ORDER_STATE_CHANGED;WAITING_VALIDATION;READY_TO_PRINT;P-0-1
608;1387;validation-1;21;VALIDATION;ORDER_STATE_CHANGED;WAITING_VALIDATION;READY_TO_PRINT;P-0-2
609;1402;assignment-1;64;ASSIGNMENT;ORDER_STATE_CHANGED;CREATED;WAITING_VALIDATION;P-0-15
610;1402;assignment-3;65;ASSIGNMENT;ORDER_STATE_CHANGED;CREATED;WAITING_VALIDATION;P-2-9
611;1418;quality-1;13;QUALITY_CONTROL;ORDER_STATE_CHANGED;PRINTED;APPROVED;
612;1433;assignment-2;66;ASSIGNMENT;ORDER_STATE_CHANGED;CREATED;WAITING_VALIDATION;P-2-10
613;1449;printing-1;18;PRINTING;ORDER_STATE_CHANGED;READY_TO_PRINT;PRINT_FAILED;P-0-16
614;1465;assignment-1;67;ASSIGNMENT;ORDER_STATE_CHANGED;CREATED;WAITING_VALIDATION;P-2-11
615;1465;assignment-3;68;ASSIGNMENT;ORDER_STATE_CHANGED;CREATED;WAITING_VALIDATION;P-2-12
616;1480;quality-2;16;QUALITY_CONTROL;ORDER_STATE_CHANGED;PRINTED;APPROVED;
617;1496;assignment-2;69;ASSIGNMENT;ORDER_STATE_CHANGED;CREATED;WAITING_VALIDATION;P-2-13
618;1512;validation-1;22;VALIDATION;ORDER_STATE_CHANGED;WAITING_VALIDATION;READY_TO_PRINT;P-0-5
619;1512;printing-3;17;PRINTING;ORDER_STATE_CHANGED;READY_TO_PRINT;PRINTED;P-0-17
620;1512;validation-2;20;VALIDATION;ORDER_STATE_CHANGED;WAITING_VALIDATION;READY_TO_PRINT;P-0-18
621;1528;assignment-1;71;ASSIGNMENT;ORDER_STATE_CHANGED;CREATED;WAITING_VALIDATION;P-2-14
622;1528;assignment-3;70;ASSIGNMENT;ORDER_STATE_CHANGED;CREATED;WAITING_VALIDATION;P-0-17
623;1558;assignment-2;72;ASSIGNMENT;ORDER_STATE_CHANGED;CREATED;WAITING_VALIDATION;P-2-15
624;1573;printing-2;19;PRINTING;ORDER_STATE_CHANGED;READY_TO_PRINT;PRINTED;P-0-1
625;1589;assignment-1;74;ASSIGNMENT;ORDER_STATE_CHANGED;CREATED;WAITING_VALIDATION;P-0-1
626;1589;assignment-3;73;ASSIGNMENT;ORDER_STATE_CHANGED;CREATED;WAITING_VALIDATION;P-2-16
627;1605;quality-1;17;QUALITY_CONTROL;ORDER_STATE_CHANGED;PRINTED;APPROVED;
628;1621;assignment-2;75;ASSIGNMENT;ORDER_STATE_CHANGED;CREATED;WAITING_VALIDATION;P-2-17
629;1636;validation-1;24;VALIDATION;ORDER_STATE_CHANGED;WAITING_VALIDATION;READY_TO_PRINT;P-0-19
630;1636;validation-2;23;VALIDATION;ORDER_STATE_CHANGED;WAITING_VALIDATION;READY_TO_PRINT;P-1-0
631;1636;printing-1;21;PRINTING;ORDER_STATE_CHANGED;READY_TO_PRINT;PRINTED;P-0-2
632;1651;assignment-1;76;ASSIGNMENT;ORDER_STATE_CHANGED;CREATED;WAITING_VALIDATION;P-0-2
633;1651;assignment-3;77;ASSIGNMENT;ORDER_STATE_CHANGED;CREATED;WAITING_VALIDATION;P-2-18
634;1667;quality-2;19;QUALITY_CONTROL;ORDER_STATE_CHANGED;PRINTED;APPROVED;
635;1682;assignment-2;78;ASSIGNMENT;ORDER_STATE_CHANGED;CREATED;WAITING_VALIDATION;P-2-19
636;1698;printing-3;22;PRINTING;ORDER_STATE_CHANGED;READY_TO_PRINT;PRINTED;P-0-5
637;1714;assignment-3;80;ASSIGNMENT;ORDER_STATE_CHANGED;CREATED;WAITING_VALIDATION;P-0-5
638;1714;assignment-1;79;ASSIGNMENT;ORDER_STATE_CHANGED;CREATED;WAITING_VALIDATION;P-3-0
639;1729;quality-1;21;QUALITY_CONTROL;ORDER_STATE_CHANGED;PRINTED;APPROVED;
640;1745;assignment-2;81;ASSIGNMENT;ORDER_STATE_CHANGED;CREATED;WAITING_VALIDATION;P-3-1
641;1760;printing-2;20;PRINTING;ORDER_STATE_CHANGED;READY_TO_PRINT;PRINTED;P-0-18
642;1760;validation-1;25;VALIDATION;ORDER_STATE_CHANGED;WAITING_VALIDATION;READY_TO_PRINT;P-0-3
643;1760;validation-2;26;VALIDATION;ORDER_STATE_CHANGED;WAITING_VALIDATION;READY_TO_PRINT;P-1-1
644;1775;assignment-3;82;ASSIGNMENT;ORDER_STATE_CHANGED;CREATED;WAITING_VALIDATION;P-0-18
645;1775;assignment-1;83;ASSIGNMENT;ORDER_STATE_CHANGED;CREATED;WAITING_VALIDATION;P-3-2
646;1790;quality-2;22;QUALITY_CONTROL;ORDER_STATE_CHANGED;PRINTED;APPROVED;
647;1806;assignment-2;84;ASSIGNMENT;ORDER_STATE_CHANGED;CREATED;WAITING_VALIDATION;P-3-3
648;1822;printing-1;24;PRINTING;ORDER_STATE_CHANGED;READY_TO_PRINT;PRINTED;P-0-19
649;1838;assignment-1;86;ASSIGNMENT;ORDER_STATE_CHANGED;CREATED;WAITING_VALIDATION;P-0-19
650;1839;assignment-3;85;ASSIGNMENT;ORDER_STATE_CHANGED;CREATED;WAITING_VALIDATION;P-3-4
651;1854;quality-1;20;QUALITY_CONTROL;ORDER_STATE_CHANGED;PRINTED;APPROVED;
652;1870;assignment-2;87;ASSIGNMENT;ORDER_STATE_CHANGED;CREATED;WAITING_VALIDATION;P-3-5
653;1885;validation-1;27;VALIDATION;ORDER_STATE_CHANGED;WAITING_VALIDATION;READY_TO_PRINT;P-1-2
654;1885;printing-3;23;PRINTING;ORDER_STATE_CHANGED;READY_TO_PRINT;PRINTED;P-1-0
655;1885;validation-2;28;VALIDATION;ORDER_STATE_CHANGED;WAITING_VALIDATION;READY_TO_PRINT;P-0-0
656;1901;assignment-3;89;ASSIGNMENT;ORDER_STATE_CHANGED;CREATED;WAITING_VALIDATION;P-1-0
657;1901;assignment-1;88;ASSIGNMENT;ORDER_STATE_CHANGED;CREATED;WAITING_VALIDATION;P-3-6
658;1917;quality-2;24;QUALITY_CONTROL;ORDER_STATE_CHANGED;PRINTED;APPROVED;
659;1932;assignment-2;90;ASSIGNMENT;ORDER_STATE_CHANGED;CREATED;WAITING_VALIDATION;P-3-7
660;1948;printing-2;25;PRINTING;ORDER_STATE_CHANGED;READY_TO_PRINT;PRINTED;P-0-3
661;1963;assignment-3;91;ASSIGNMENT;ORDER_STATE_CHANGED;CREATED;WAITING_VALIDATION;P-0-3
662;1964;assignment-1;92;ASSIGNMENT;ORDER_STATE_CHANGED;CREATED;WAITING_VALIDATION;P-3-8
663;1979;quality-1;23;QUALITY_CONTROL;ORDER_STATE_CHANGED;PRINTED;APPROVED;
664;1995;assignment-2;93;ASSIGNMENT;ORDER_STATE_CHANGED;CREATED;WAITING_VALIDATION;P-3-9
665;2010;validation-2;30;VALIDATION;ORDER_STATE_CHANGED;WAITING_VALIDATION;READY_TO_PRINT;P-1-3
666;2010;printing-1;26;PRINTING;ORDER_STATE_CHANGED;READY_TO_PRINT;PRINTED;P-1-1
667;2010;validation-1;29;VALIDATION;ORDER_STATE_CHANGED;WAITING_VALIDATION;READY_TO_PRINT;P-0-6
668;2025;assignment-1;95;ASSIGNMENT;ORDER_STATE_CHANGED;CREATED;WAITING_VALIDATION;P-1-1
669;2025;assignment-3;94;ASSIGNMENT;ORDER_STATE_CHANGED;CREATED;WAITING_VALIDATION;P-3-10
670;2041;quality-2;25;QUALITY_CONTROL;ORDER_STATE_CHANGED;PRINTED;APPROVED;
671;2056;assignment-2;96;ASSIGNMENT;ORDER_STATE_CHANGED;CREATED;WAITING_VALIDATION;P-3-11
672;2072;printing-3;27;PRINTING;ORDER_STATE_CHANGED;READY_TO_PRINT;PRINTED;P-1-2
673;2087;assignment-1;97;ASSIGNMENT;ORDER_STATE_CHANGED;CREATED;WAITING_VALIDATION;P-1-2
674;2088;assignment-3;98;ASSIGNMENT;ORDER_STATE_CHANGED;CREATED;WAITING_VALIDATION;P-3-12
675;2104;quality-1;26;QUALITY_CONTROL;ORDER_STATE_CHANGED;PRINTED;APPROVED;
676;2119;assignment-2;99;ASSIGNMENT;ORDER_STATE_CHANGED;CREATED;WAITING_VALIDATION;P-3-13
677;2135;validation-1;31;VALIDATION;ORDER_STATE_CHANGED;WAITING_VALIDATION;REJECTED;P-0-4
678;2135;validation-2;32;VALIDATION;ORDER_STATE_CHANGED;WAITING_VALIDATION;READY_TO_PRINT;P-1-4
679;2135;printing-2;28;PRINTING;ORDER_STATE_CHANGED;READY_TO_PRINT;PRINTED;P-0-0
680;2150;assignment-3;101;ASSIGNMENT;ORDER_STATE_CHANGED;CREATED;WAITING_VALIDATION;P-0-0
681;2150;assignment-1;100;ASSIGNMENT;ORDER_STATE_CHANGED;CREATED;WAITING_VALIDATION;P-0-4
682;2166;quality-2;27;QUALITY_CONTROL;ORDER_STATE_CHANGED;PRINTED;APPROVED;
683;2181;assignment-2;102;ASSIGNMENT;ORDER_STATE_CHANGED;CREATED;WAITING_VALIDATION;P-3-14
684;2197;printing-1;30;PRINTING;ORDER_STATE_CHANGED;READY_TO_PRINT;PRINTED;P-1-3
685;2213;assignment-3;103;ASSIGNMENT;ORDER_STATE_CHANGED;CREATED;WAITING_VALIDATION;P-1-3
686;2213;assignment-1;104;ASSIGNMENT;ORDER_STATE_CHANGED;CREATED;WAITING_VALIDATION;P-3-15
687;2229;quality-1;28;QUALITY_CONTROL;ORDER_STATE_CHANGED;PRINTED;APPROVED;
688;2245;assignment-2;105;ASSIGNMENT;ORDER_STATE_CHANGED;CREATED;WAITING_VALIDATION;P-3-16
689;2260;printing-3;29;PRINTING;ORDER_STATE_CHANGED;READY_TO_PRINT;PRINTED;P-0-6
690;2260;validation-1;34;VALIDATION;ORDER_STATE_CHANGED;WAITING_VALIDATION;READY_TO_PRINT;P-1-7
691;2260;validation-2;33;VALIDATION;ORDER_STATE_CHANGED;WAITING_VALIDATION;READY_TO_PRINT;P-1-5
692;2276;assignment-1;107;ASSIGNMENT;ORDER_STATE_CHANGED;CREATED;WAITING_VALIDATION;P-0-6
693;2276;assignment-3;106;ASSIGNMENT;ORDER_STATE_CHANGED;CREATED;WAITING_VALIDATION;P-3-17
694;2291;quality-2;30;QUALITY_CONTROL;ORDER_STATE_CHANGED;PRINTED;APPROVED;
695;2307;assignment-2;108;ASSIGNMENT;ORDER_STATE_CHANGED;CREATED;WAITING_VALIDATION;P-3-18
696;2324;printing-2;32;PRINTING;ORDER_STATE_CHANGED;READY_TO_PRINT;PRINTED;P-1-4
697;2339;assignment-3;110;ASSIGNMENT;ORDER_STATE_CHANGED;CREATED;WAITING_VALIDATION;P-3-19
698;2339;assignment-1;109;ASSIGNMENT;ORDER_STATE_CHANGED;CREATED;WAITING_VALIDATION;P-1-4
699;2355;quality-1;29;QUALITY_CONTROL;ORDER_STATE_CHANGED;PRINTED;APPROVED;
700;2370;assignment-2;111;ASSIGNMENT;ORDER_STATE_CHANGED;CREATED;WAITING_VALIDATION;P-4-0
701;2386;validation-2;36;VALIDATION;ORDER_STATE_CHANGED;WAITING_VALIDATION;READY_TO_PRINT;P-1-8
702;2386;validation-1;35;VALIDATION;ORDER_STATE_CHANGED;WAITING_VALIDATION;READY_TO_PRINT;P-1-6
703;2401;assignment-3;112;ASSIGNMENT;ORDER_STATE_CHANGED;CREATED;WAITING_VALIDATION;P-4-1
704;2401;assignment-1;113;ASSIGNMENT;ORDER_STATE_CHANGED;CREATED;WAITING_VALIDATION;P-4-2
705;2416;quality-2;32;QUALITY_CONTROL;ORDER_STATE_CHANGED;PRINTED;APPROVED;
706;2432;assignment-2;114;ASSIGNMENT;ORDER_STATE_CHANGED;CREATED;WAITING_VALIDATION;P-4-3
707;2448;printing-1;34;PRINTING;ORDER_STATE_CHANGED;READY_TO_PRINT;PRINTED;P-1-7
708;2448;printing-3;33;PRINTING;ORDER_STATE_CHANGED;READY_TO_PRINT;PRINTED;P-1-5
709;2464;assignment-3;115;ASSIGNMENT;ORDER_STATE_CHANGED;CREATED;WAITING_VALIDATION;P-1-5
710;2464;assignment-1;116;ASSIGNMENT;ORDER_STATE_CHANGED;CREATED;WAITING_VALIDATION;P-1-7
711;2495;assignment-2;117;ASSIGNMENT;ORDER_STATE_CHANGED;CREATED;WAITING_VALIDATION;P-4-4
712;2511;validation-2;38;VALIDATION;ORDER_STATE_CHANGED;WAITING_VALIDATION;READY_TO_PRINT;P-1-9
713;2511;validation-1;37;VALIDATION;ORDER_STATE_CHANGED;WAITING_VALIDATION;READY_TO_PRINT;P-1-10
714;2526;assignment-3;118;ASSIGNMENT;ORDER_STATE_CHANGED;CREATED;WAITING_VALIDATION;P-4-5
715;2526;assignment-1;119;ASSIGNMENT;ORDER_STATE_CHANGED;CREATED;WAITING_VALIDATION;P-4-6
716;2541;quality-2;33;QUALITY_CONTROL;ORDER_STATE_CHANGED;PRINTED;APPROVED;
717;2541;quality-1;34;QUALITY_CONTROL;ORDER_STATE_CHANGED;PRINTED;DEFECTIVE;
718;2557;assignment-2;120;ASSIGNMENT;ORDER_STATE_CHANGED;CREATED;WAITING_VALIDATION;P-4-7
719;2573;printing-2;36;PRINTING;ORDER_STATE_CHANGED;READY_TO_PRINT;PRINTED;P-1-8
720;2589;assignment-3;121;ASSIGNMENT;ORDER_STATE_CHANGED;CREATED;WAITING_VALIDATION;P-1-8
721;2589;assignment-1;122;ASSIGNMENT;ORDER_STATE_CHANGED;CREATED;WAITING_VALIDATION;P-4-8
722;2620;assignment-2;123;ASSIGNMENT;ORDER_STATE_CHANGED;CREATED;WAITING_VALIDATION;P-4-9
723;2636;printing-1;35;PRINTING;ORDER_STATE_CHANGED;READY_TO_PRINT;PRINT_FAILED;P-1-6
724;2636;validation-1;41;VALIDATION;ORDER_STATE_CHANGED;WAITING_VALIDATION;READY_TO_PRINT;P-1-12
725;2636;validation-2;39;VALIDATION;ORDER_STATE_CHANGED;WAITING_VALIDATION;READY_TO_PRINT;P-1-11
726;2651;assignment-1;125;ASSIGNMENT;ORDER_STATE_CHANGED;CREATED;WAITING_VALIDATION;P-4-10
727;2651;assignment-3;124;ASSIGNMENT;ORDER_STATE_CHANGED;CREATED;WAITING_VALIDATION;P-4-11
728;2667;quality-1;36;QUALITY_CONTROL;ORDER_STATE_CHANGED;PRINTED;APPROVED;
729;2682;assignment-2;126;ASSIGNMENT;ORDER_STATE_CHANGED;CREATED;WAITING_VALIDATION;P-4-12
730;2698;printing-3;38;PRINTING;ORDER_STATE_CHANGED;READY_TO_PRINT;PRINTED;P-1-9
731;2714;assignment-3;128;ASSIGNMENT;ORDER_STATE_CHANGED;CREATED;WAITING_VALIDATION;P-1-9
732;2714;assignment-1;127;ASSIGNMENT;ORDER_STATE_CHANGED;CREATED;WAITING_VALIDATION;P-4-13
733;2745;assignment-2;129;ASSIGNMENT;ORDER_STATE_CHANGED;CREATED;WAITING_VALIDATION;P-4-14
734;2761;printing-2;37;PRINTING;ORDER_STATE_CHANGED;READY_TO_PRINT;PRINTED;P-1-10
735;2761;validation-2;42;VALIDATION;ORDER_STATE_CHANGED;WAITING_VALIDATION;READY_TO_PRINT;P-1-14
736;2761;validation-1;40;VALIDATION;ORDER_STATE_CHANGED;WAITING_VALIDATION;READY_TO_PRINT;P-1-13
737;2776;assignment-1;131;ASSIGNMENT;ORDER_STATE_CHANGED;CREATED;WAITING_VALIDATION;P-1-10
738;2776;assignment-3;130;ASSIGNMENT;ORDER_STATE_CHANGED;CREATED;WAITING_VALIDATION;P-4-15
739;2791;quality-2;38;QUALITY_CONTROL;ORDER_STATE_CHANGED;PRINTED;APPROVED;
740;2807;assignment-2;132;ASSIGNMENT;ORDER_STATE_CHANGED;CREATED;WAITING_VALIDATION;P-4-16
741;2822;printing-1;41;PRINTING;ORDER_STATE_CHANGED;READY_TO_PRINT;PRINTED;P-1-12
742;2839;assignment-1;133;ASSIGNMENT;ORDER_STATE_CHANGED;CREATED;WAITING_VALIDATION;P-1-12
743;2839;assignment-3;134;ASSIGNMENT;ORDER_STATE_CHANGED;CREATED;WAITING_VALIDATION;P-4-17
744;2855;quality-1;37;QUALITY_CONTROL;ORDER_STATE_CHANGED;PRINTED;APPROVED;
745;2871;assignment-2;135;ASSIGNMENT;ORDER_STATE_CHANGED;CREATED;WAITING_VALIDATION;P-4-18
746;2887;validation-1;43;VALIDATION;ORDER_STATE_CHANGED;WAITING_VALIDATION;READY_TO_PRINT;P-0-9
747;2887;printing-3;39;PRINTING;ORDER_STATE_CHANGED;READY_TO_PRINT;PRINTED;P-1-11
748;2887;validation-2;44;VALIDATION;ORDER_STATE_CHANGED;WAITING_VALIDATION;READY_TO_PRINT;P-0-8
749;2902;assignment-1;136;ASSIGNMENT;ORDER_STATE_CHANGED;CREATED;WAITING_VALIDATION;P-1-11
750;2902;assignment-3;137;ASSIGNMENT;ORDER_STATE_CHANGED;CREATED;WAITING_VALIDATION;P-4-19
751;2918;quality-2;41;QUALITY_CONTROL;ORDER_STATE_CHANGED;PRINTED;APPROVED;
752;2933;assignment-2;138;ASSIGNMENT;ORDER_STATE_CHANGED;CREATED;WAITING_VALIDATION;P-5-0
753;2948;printing-2;42;PRINTING;ORDER_STATE_CHANGED;READY_TO_PRINT;PRINTED;P-1-14
754;2964;assignment-3;139;ASSIGNMENT;ORDER_STATE_CHANGED;CREATED;WAITING_VALIDATION;P-1-14
755;2964;assignment-1;140;ASSIGNMENT;ORDER_STATE_CHANGED;CREATED;WAITING_VALIDATION;P-5-1
756;2979;quality-1;39;QUALITY_CONTROL;ORDER_STATE_CHANGED;PRINTED;APPROVED;
757;2995;assignment-2;141;ASSIGNMENT;ORDER_STATE_CHANGED;CREATED;WAITING_VALIDATION;P-5-2
758;3011;validation-1;45;VALIDATION;ORDER_STATE_CHANGED;WAITING_VALIDATION;READY_TO_PRINT;P-1-15
759;3011;printing-1;40;PRINTING;ORDER_STATE_CHANGED;READY_TO_PRINT;PRINTED;P-1-13
760;3011;validation-2;47;VALIDATION;ORDER_STATE_CHANGED;WAITING_VALIDATION;READY_TO_PRINT;P-1-16
761;3025;assignment-3;142;ASSIGNMENT;ORDER_STATE_CHANGED;CREATED;WAITING_VALIDATION;P-1-13
762;3025;assignment-1;143;ASSIGNMENT;ORDER_STATE_CHANGED;CREATED;WAITING_VALIDATION;P-5-3
763;3040;quality-2;42;QUALITY_CONTROL;ORDER_STATE_CHANGED;PRINTED;APPROVED;
764;3057;assignment-2;144;ASSIGNMENT;ORDER_STATE_CHANGED;CREATED;WAITING_VALIDATION;P-5-4
765;3072;printing-3;43;PRINTING;ORDER_STATE_CHANGED;READY_TO_PRINT;PRINTED;P-0-9
766;3088;assignment-1;146;ASSIGNMENT;ORDER_STATE_CHANGED;CREATED;WAITING_VALIDATION;P-0-9
767;3088;assignment-3;145;ASSIGNMENT;ORDER_STATE_CHANGED;CREATED;WAITING_VALIDATION;P-5-5
768;3104;quality-1;40;QUALITY_CONTROL;ORDER_STATE_CHANGED;PRINTED;APPROVED;
769;3119;assignment-2;147;ASSIGNMENT;ORDER_STATE_CHANGED;CREATED;WAITING_VALIDATION;P-5-6
770;3135;validation-2;48;VALIDATION;ORDER_STATE_CHANGED;WAITING_VALIDATION;READY_TO_PRINT;P-1-18
771;3135;validation-1;46;VALIDATION;ORDER_STATE_CHANGED;WAITING_VALIDATION;READY_TO_PRINT;P-1-17
772;3135;printing-2;44;PRINTING;ORDER_STATE_CHANGED;READY_TO_PRINT;PRINTED;P-0-8
773;3151;assignment-3;149;ASSIGNMENT;ORDER_STATE_CHANGED;CREATED;WAITING_VALIDATION;P-0-8
774;3151;assignment-1;148;ASSIGNMENT;ORDER_STATE_CHANGED;CREATED;WAITING_VALIDATION;P-5-7
775;3166;quality-2;43;QUALITY_CONTROL;ORDER_STATE_CHANGED;PRINTED;APPROVED;
776;3182;assignment-2;150;ASSIGNMENT;ORDER_STATE_CHANGED;CREATED;WAITING_VALIDATION;P-5-8
777;3198;printing-1;45;PRINTING;ORDER_STATE_CHANGED;READY_TO_PRINT;PRINTED;P-1-15
778;3213;assignment-1;152;ASSIGNMENT;ORDER_STATE_CHANGED;CREATED;WAITING_VALIDATION;P-1-15
779;3213;assignment-3;151;ASSIGNMENT;ORDER_STATE_CHANGED;CREATED;WAITING_VALIDATION;P-5-9
780;3229;quality-1;44;QUALITY_CONTROL;ORDER_STATE_CHANGED;PRINTED;APPROVED;
781;3245;assignment-2;153;ASSIGNMENT;ORDER_STATE_CHANGED;CREATED;WAITING_VALIDATION;P-5-10
782;3260;printing-3;47;PRINTING;ORDER_STATE_CHANGED;READY_TO_PRINT;PRINTED;P-1-16
783;3260;validation-1;49;VALIDATION;ORDER_STATE_CHANGED;WAITING_VALIDATION;READY_TO_PRINT;P-1-19
784;3260;validation-2;50;VALIDATION;ORDER_STATE_CHANGED;WAITING_VALIDATION;READY_TO_PRINT;P-0-11
785;3276;assignment-1;154;ASSIGNMENT;ORDER_STATE_CHANGED;CREATED;WAITING_VALIDATION;P-1-16
786;3276;assignment-3;155;ASSIGNMENT;ORDER_STATE_CHANGED;CREATED;WAITING_VALIDATION;P-5-11
787;3292;quality-2;45;QUALITY_CONTROL;ORDER_STATE_CHANGED;PRINTED;APPROVED;
788;3307;assignment-2;156;ASSIGNMENT;ORDER_STATE_CHANGED;CREATED;WAITING_VALIDATION;P-5-12
789;3324;printing-2;48;PRINTING;ORDER_STATE_CHANGED;READY_TO_PRINT;PRINTED;P-1-18
790;3339;assignment-1;157;ASSIGNMENT;ORDER_STATE_CHANGED;CREATED;WAITING_VALIDATION;P-1-18
791;3339;assignment-3;158;ASSIGNMENT;ORDER_STATE_CHANGED;CREATED;WAITING_VALIDATION;P-5-13
792;3354;quality-1;47;QUALITY_CONTROL;ORDER_STATE_CHANGED;PRINTED;APPROVED;
793;3369;assignment-2;159;ASSIGNMENT;ORDER_STATE_CHANGED;CREATED;WAITING_VALIDATION;P-5-14
794;3385;printing-1;46;PRINTING;ORDER_STATE_CHANGED;READY_TO_PRINT;PRINTED;P-1-17
795;3385;validation-2;52;VALIDATION;ORDER_STATE_CHANGED;WAITING_VALIDATION;READY_TO_PRINT;P-0-10
796;3385;validation-1;51;VALIDATION;ORDER_STATE_CHANGED;WAITING_VALIDATION;REJECTED;P-2-0
797;3402;assignment-1;160;ASSIGNMENT;ORDER_STATE_CHANGED;CREATED;WAITING_VALIDATION;P-2-0
798;3402;assignment-3;161;ASSIGNMENT;ORDER_STATE_CHANGED;CREATED;WAITING_VALIDATION;P-1-17
799;3417;quality-2;48;QUALITY_CONTROL;ORDER_STATE_CHANGED;PRINTED;APPROVED;
800;3434;assignment-2;162;ASSIGNMENT;ORDER_STATE_CHANGED;CREATED;WAITING_VALIDATION;P-5-15
801;3450;printing-3;49;PRINTING;ORDER_STATE_CHANGED;READY_TO_PRINT;PRINTED;P-1-19
802;3466;assignment-1;163;ASSIGNMENT;ORDER_STATE_CHANGED;CREATED;WAITING_VALIDATION;P-5-16
803;3466;assignment-3;164;ASSIGNMENT;ORDER_STATE_CHANGED;CREATED;WAITING_VALIDATION;P-1-19
804;3466;quality-1;46;QUALITY_CONTROL;ORDER_STATE_CHANGED;PRINTED;APPROVED;
805;3498;assignment-2;165;ASSIGNMENT;ORDER_STATE_CHANGED;CREATED;WAITING_VALIDATION;P-5-17
806;3513;validation-2;53;VALIDATION;ORDER_STATE_CHANGED;WAITING_VALIDATION;READY_TO_PRINT;P-2-1
807;3513;validation-1;54;VALIDATION;ORDER_STATE_CHANGED;WAITING_VALIDATION;REJECTED;P-2-2
808;3513;printing-2;50;PRINTING;ORDER_STATE_CHANGED;READY_TO_PRINT;PRINTED;P-0-11
809;3529;assignment-3;167;ASSIGNMENT;ORDER_STATE_CHANGED;CREATED;WAITING_VALIDATION;P-0-11
810;3529;assignment-1;166;ASSIGNMENT;ORDER_STATE_CHANGED;CREATED;WAITING_VALIDATION;P-2-2
811;3545;quality-2;49;QUALITY_CONTROL;ORDER_STATE_CHANGED;PRINTED;APPROVED;
812;3561;assignment-2;168;ASSIGNMENT;ORDER_STATE_CHANGED;CREATED;WAITING_VALIDATION;P-5-18
813;3576;printing-1;52;PRINTING;ORDER_STATE_CHANGED;READY_TO_PRINT;PRINTED;P-0-10
814;3592;assignment-1;170;ASSIGNMENT;ORDER_STATE_CHANGED;CREATED;WAITING_VALIDATION;P-0-10
815;3592;assignment-3;169;ASSIGNMENT;ORDER_STATE_CHANGED;CREATED;WAITING_VALIDATION;P-5-19
816;3607;quality-1;50;QUALITY_CONTROL;ORDER_STATE_CHANGED;PRINTED;APPROVED;
817;3622;assignment-2;171;ASSIGNMENT;ORDER_STATE_CHANGED;CREATED;WAITING_VALIDATION;P-6-0
818;3633;validation-1;55;VALIDATION;ORDER_STATE_CHANGED;WAITING_VALIDATION;READY_TO_PRINT;P-2-3
819;3638;validation-2;56;VALIDATION;ORDER_STATE_CHANGED;WAITING_VALIDATION;REJECTED;P-0-14
820;3654;assignment-3;173;ASSIGNMENT;ORDER_STATE_CHANGED;CREATED;WAITING_VALIDATION;P-0-14
821;3654;assignment-1;172;ASSIGNMENT;ORDER_STATE_CHANGED;CREATED;WAITING_VALIDATION;P-6-1
822;3670;quality-2;52;QUALITY_CONTROL;ORDER_STATE_CHANGED;PRINTED;APPROVED;
823;3685;assignment-2;174;ASSIGNMENT;ORDER_STATE_CHANGED;CREATED;WAITING_VALIDATION;P-6-2
824;3694;printing-3;53;PRINTING;ORDER_STATE_CHANGED;READY_TO_PRINT;PRINTED;P-2-1
825;3717;assignment-1;176;ASSIGNMENT;ORDER_STATE_CHANGED;CREATED;WAITING_VALIDATION;P-2-1
826;3717;assignment-3;175;ASSIGNMENT;ORDER_STATE_CHANGED;CREATED;WAITING_VALIDATION;P-6-3
827;3749;assignment-2;177;ASSIGNMENT;ORDER_STATE_CHANGED;CREATED;WAITING_VALIDATION;P-6-4
828;3765;validation-1;57;VALIDATION;ORDER_STATE_CHANGED;WAITING_VALIDATION;READY_TO_PRINT;P-2-4
829;3765;validation-2;59;VALIDATION;ORDER_STATE_CHANGED;WAITING_VALIDATION;READY_TO_PRINT;P-0-12
830;3781;assignment-3;179;ASSIGNMENT;ORDER_STATE_CHANGED;CREATED;WAITING_VALIDATION;P-6-5
831;3781;quality-1;53;QUALITY_CONTROL;ORDER_STATE_CHANGED;PRINTED;APPROVED;
832;3781;assignment-1;178;ASSIGNMENT;ORDER_STATE_CHANGED;CREATED;WAITING_VALIDATION;P-6-6
833;3811;assignment-2;180;ASSIGNMENT;ORDER_STATE_CHANGED;CREATED;WAITING_VALIDATION;P-6-7
834;3827;printing-2;55;PRINTING;ORDER_STATE_CHANGED;READY_TO_PRINT;PRINTED;P-2-3
835;3842;assignment-1;182;ASSIGNMENT;ORDER_STATE_CHANGED;CREATED;WAITING_VALIDATION;P-2-3
836;3842;assignment-3;181;ASSIGNMENT;ORDER_STATE_CHANGED;CREATED;WAITING_VALIDATION;P-6-8
837;3874;assignment-2;183;ASSIGNMENT;ORDER_STATE_CHANGED;CREATED;WAITING_VALIDATION;P-6-9
838;3889;validation-1;60;VALIDATION;ORDER_STATE_CHANGED;WAITING_VALIDATION;READY_TO_PRINT;P-2-6
839;3889;validation-2;58;VALIDATION;ORDER_STATE_CHANGED;WAITING_VALIDATION;READY_TO_PRINT;P-2-5
840;3905;assignment-1;184;ASSIGNMENT;ORDER_STATE_CHANGED;CREATED;WAITING_VALIDATION;P-6-10
841;3905;assignment-3;185;ASSIGNMENT;ORDER_STATE_CHANGED;CREATED;WAITING_VALIDATION;P-6-11
842;3921;quality-2;55;QUALITY_CONTROL;ORDER_STATE_CHANGED;PRINTED;APPROVED;
843;3937;assignment-2;186;ASSIGNMENT;ORDER_STATE_CHANGED;CREATED;WAITING_VALIDATION;P-6-12
844;3952;printing-3;59;PRINTING;ORDER_STATE_CHANGED;READY_TO_PRINT;PRINTED;P-0-12
845;3952;printing-1;57;PRINTING;ORDER_STATE_CHANGED;READY_TO_PRINT;PRINTED;P-2-4
846;3968;assignment-3;188;ASSIGNMENT;ORDER_STATE_CHANGED;CREATED;WAITING_VALIDATION;P-0-12
847;3968;assignment-1;187;ASSIGNMENT;ORDER_STATE_CHANGED;CREATED;WAITING_VALIDATION;P-2-4
848;4000;assignment-2;189;ASSIGNMENT;ORDER_STATE_CHANGED;CREATED;WAITING_VALIDATION;P-6-13
849;4016;validation-1;61;VALIDATION;ORDER_STATE_CHANGED;WAITING_VALIDATION;READY_TO_PRINT;P-2-7
850;4016;validation-2;62;VALIDATION;ORDER_STATE_CHANGED;WAITING_VALIDATION;READY_TO_PRINT;P-0-13
851;4032;assignment-3;190;ASSIGNMENT;ORDER_STATE_CHANGED;CREATED;WAITING_VALIDATION;P-6-14
852;4032;assignment-1;191;ASSIGNMENT;ORDER_STATE_CHANGED;CREATED;WAITING_VALIDATION;P-6-15
853;4047;quality-2;57;QUALITY_CONTROL;ORDER_STATE_CHANGED;PRINTED;APPROVED;
854;4047;quality-1;59;QUALITY_CONTROL;ORDER_STATE_CHANGED;PRINTED;APPROVED;
855;4064;assignment-2;192;ASSIGNMENT;ORDER_STATE_CHANGED;CREATED;WAITING_VALIDATION;P-6-16
856;4079;printing-2;60;PRINTING;ORDER_STATE_CHANGED;READY_TO_PRINT;PRINTED;P-2-6
857;4094;assignment-1;194;ASSIGNMENT;ORDER_STATE_CHANGED;CREATED;WAITING_VALIDATION;P-2-6
858;4094;assignment-3;193;ASSIGNMENT;ORDER_STATE_CHANGED;CREATED;WAITING_VALIDATION;P-6-17
859;4126;assignment-2;195;ASSIGNMENT;ORDER_STATE_CHANGED;CREATED;WAITING_VALIDATION;P-6-18
860;4141;printing-1;58;PRINTING;ORDER_STATE_CHANGED;READY_TO_PRINT;PRINT_FAILED;P-2-5
861;4141;validation-1;64;VALIDATION;ORDER_STATE_CHANGED;WAITING_VALIDATION;READY_TO_PRINT;P-0-15
862;4141;validation-2;63;VALIDATION;ORDER_STATE_CHANGED;WAITING_VALIDATION;READY_TO_PRINT;P-2-8
863;4157;assignment-1;196;ASSIGNMENT;ORDER_STATE_CHANGED;CREATED;WAITING_VALIDATION;P-6-19
864;4157;assignment-3;197;ASSIGNMENT;ORDER_STATE_CHANGED;CREATED;WAITING_VALIDATION;P-7-0
865;4172;quality-2;60;QUALITY_CONTROL;ORDER_STATE_CHANGED;PRINTED;APPROVED;
866;4188;assignment-2;198;ASSIGNMENT;ORDER_STATE_CHANGED;CREATED;WAITING_VALIDATION;P-7-1
867;4203;printing-3;61;PRINTING;ORDER_STATE_CHANGED;READY_TO_PRINT;PRINTED;P-2-7
868;4218;assignment-3;200;ASSIGNMENT;ORDER_STATE_CHANGED;CREATED;WAITING_VALIDATION;P-2-7
869;4218;assignment-1;199;ASSIGNMENT;ORDER_STATE_CHANGED;CREATED;WAITING_VALIDATION;P-7-2
870;4250;assignment-2;201;ASSIGNMENT;ORDER_STATE_CHANGED;CREATED;WAITING_VALIDATION;P-7-3
871;4266;printing-2;62;PRINTING;ORDER_STATE_CHANGED;READY_TO_PRINT;PRINTED;P-0-13
872;4266;validation-1;65;VALIDATION;ORDER_STATE_CHANGED;WAITING_VALIDATION;READY_TO_PRINT;P-2-9
873;4266;validation-2;66;VALIDATION;ORDER_STATE_CHANGED;WAITING_VALIDATION;REJECTED;P-2-10
874;4282;assignment-3;202;ASSIGNMENT;ORDER_STATE_CHANGED;CREATED;WAITING_VALIDATION;P-0-13
875;4282;assignment-1;203;ASSIGNMENT;ORDER_STATE_CHANGED;CREATED;WAITING_VALIDATION;P-2-10
876;4297;quality-1;61;QUALITY_CONTROL;ORDER_STATE_CHANGED;PRINTED;APPROVED;
877;4313;assignment-2;204;ASSIGNMENT;ORDER_STATE_CHANGED;CREATED;WAITING_VALIDATION;P-7-4
878;4328;printing-1;64;PRINTING;ORDER_STATE_CHANGED;READY_TO_PRINT;PRINTED;P-0-15
879;4343;assignment-3;205;ASSIGNMENT;ORDER_STATE_CHANGED;CREATED;WAITING_VALIDATION;P-7-5
880;4343;assignment-1;206;ASSIGNMENT;ORDER_STATE_CHANGED;CREATED;WAITING_VALIDATION;P-0-15
881;4359;quality-2;62;QUALITY_CONTROL;ORDER_STATE_CHANGED;PRINTED;APPROVED;
882;4375;assignment-2;207;ASSIGNMENT;ORDER_STATE_CHANGED;CREATED;WAITING_VALIDATION;P-7-6
883;4387;validation-1;67;VALIDATION;ORDER_STATE_CHANGED;WAITING_VALIDATION;READY_TO_PRINT;P-2-11
884;4390;validation-2;68;VALIDATION;ORDER_STATE_CHANGED;WAITING_VALIDATION;READY_TO_PRINT;P-2-12
885;4390;printing-3;63;PRINTING;ORDER_STATE_CHANGED;READY_TO_PRINT;PRINTED;P-2-8
886;4406;assignment-1;209;ASSIGNMENT;ORDER_STATE_CHANGED;CREATED;WAITING_VALIDATION;P-2-8
887;4406;assignment-3;208;ASSIGNMENT;ORDER_STATE_CHANGED;CREATED;WAITING_VALIDATION;P-7-7
888;4422;quality-1;64;QUALITY_CONTROL;ORDER_STATE_CHANGED;PRINTED;APPROVED;
889;4438;assignment-2;210;ASSIGNMENT;ORDER_STATE_CHANGED;CREATED;WAITING_VALIDATION;P-7-8
890;4454;printing-2;65;PRINTING;ORDER_STATE_CHANGED;READY_TO_PRINT;PRINTED;P-2-9
891;4469;assignment-1;211;ASSIGNMENT;ORDER_STATE_CHANGED;CREATED;WAITING_VALIDATION;P-2-9
892;4470;assignment-3;212;ASSIGNMENT;ORDER_STATE_CHANGED;CREATED;WAITING_VALIDATION;P-7-9
893;4485;quality-2;63;QUALITY_CONTROL;ORDER_STATE_CHANGED;PRINTED;APPROVED;
894;4501;assignment-2;213;ASSIGNMENT;ORDER_STATE_CHANGED;CREATED;WAITING_VALIDATION;P-7-10
895;4517;validation-1;69;VALIDATION;ORDER_STATE_CHANGED;WAITING_VALIDATION;READY_TO_PRINT;P-2-13
896;4517;validation-2;70;VALIDATION;ORDER_STATE_CHANGED;WAITING_VALIDATION;READY_TO_PRINT;P-0-17
897;4532;assignment-1;214;ASSIGNMENT;ORDER_STATE_CHANGED;CREATED;WAITING_VALIDATION;P-7-11
898;4532;assignment-3;215;ASSIGNMENT;ORDER_STATE_CHANGED;CREATED;WAITING_VALIDATION;P-7-12
899;4548;quality-1;65;QUALITY_CONTROL;ORDER_STATE_CHANGED;PRINTED;DEFECTIVE;
900;4564;assignment-2;216;ASSIGNMENT;ORDER_STATE_CHANGED;CREATED;WAITING_VALIDATION;P-7-13
901;4580;printing-3;68;PRINTING;ORDER_STATE_CHANGED;READY_TO_PRINT;PRINTED;P-2-12
902;4580;printing-1;67;PRINTING;ORDER_STATE_CHANGED;READY_TO_PRINT;PRINTED;P-2-11
903;4596;assignment-3;218;ASSIGNMENT;ORDER_STATE_CHANGED;CREATED;WAITING_VALIDATION;P-2-11
904;4596;assignment-1;217;ASSIGNMENT;ORDER_STATE_CHANGED;CREATED;WAITING_VALIDATION;P-2-12
905;4627;assignment-2;219;ASSIGNMENT;ORDER_STATE_CHANGED;CREATED;WAITING_VALIDATION;P-7-14
906;4642;validation-2;72;VALIDATION;ORDER_STATE_CHANGED;WAITING_VALIDATION;READY_TO_PRINT;P-2-15
907;4642;validation-1;71;VALIDATION;ORDER_STATE_CHANGED;WAITING_VALIDATION;READY_TO_PRINT;P-2-14
908;4658;assignment-3;220;ASSIGNMENT;ORDER_STATE_CHANGED;CREATED;WAITING_VALIDATION;P-7-15
909;4658;assignment-1;221;ASSIGNMENT;ORDER_STATE_CHANGED;CREATED;WAITING_VALIDATION;P-7-16
910;4674;quality-2;68;QUALITY_CONTROL;ORDER_STATE_CHANGED;PRINTED;APPROVED;
911;4674;quality-1;67;QUALITY_CONTROL;ORDER_STATE_CHANGED;PRINTED;APPROVED;
912;4689;assignment-2;222;ASSIGNMENT;ORDER_STATE_CHANGED;CREATED;WAITING_VALIDATION;P-7-17
913;4705;printing-2;69;PRINTING;ORDER_STATE_CHANGED;READY_TO_PRINT;PRINTED;P-2-13
914;4721;assignment-3;223;ASSIGNMENT;ORDER_STATE_CHANGED;CREATED;WAITING_VALIDATION;P-2-13
915;4721;assignment-1;224;ASSIGNMENT;ORDER_STATE_CHANGED;CREATED;WAITING_VALIDATION;P-7-18
916;4753;assignment-2;225;ASSIGNMENT;ORDER_STATE_CHANGED;CREATED;WAITING_VALIDATION;P-7-19
917;4769;validation-1;74;VALIDATION;ORDER_STATE_CHANGED;WAITING_VALIDATION;READY_TO_PRINT;P-0-1
918;4769;printing-3;70;PRINTING;ORDER_STATE_CHANGED;READY_TO_PRINT;PRINTED;P-0-17
919;4769;validation-2;73;VALIDATION;ORDER_STATE_CHANGED;WAITING_VALIDATION;READY_TO_PRINT;P-2-16
920;4784;assignment-3;226;ASSIGNMENT;ORDER_STATE_CHANGED;CREATED;WAITING_VALIDATION;P-0-17
921;4784;assignment-1;227;ASSIGNMENT;ORDER_STATE_CHANGED;CREATED;WAITING_VALIDATION;P-8-0
922;4800;quality-2;69;QUALITY_CONTROL;ORDER_STATE_CHANGED;PRINTED;APPROVED;
923;4816;assignment-2;228;ASSIGNMENT;ORDER_STATE_CHANGED;CREATED;WAITING_VALIDATION;P-8-1
924;4831;printing-1;72;PRINTING;ORDER_STATE_CHANGED;READY_TO_PRINT;PRINTED;P-2-15
925;4847;assignment-1;230;ASSIGNMENT;ORDER_STATE_CHANGED;CREATED;WAITING_VALIDATION;P-8-2
926;4848;assignment-3;229;ASSIGNMENT;ORDER_STATE_CHANGED;CREATED;WAITING_VALIDATION;P-2-15
927;4864;quality-1;70;QUALITY_CONTROL;ORDER_STATE_CHANGED;PRINTED;APPROVED;
928;4879;assignment-2;231;ASSIGNMENT;ORDER_STATE_CHANGED;CREATED;WAITING_VALIDATION;P-8-3
929;4895;validation-2;76;VALIDATION;ORDER_STATE_CHANGED;WAITING_VALIDATION;REJECTED;P-0-2
930;4895;printing-2;71;PRINTING;ORDER_STATE_CHANGED;READY_TO_PRINT;PRINT_FAILED;P-2-14
931;4895;validation-1;75;VALIDATION;ORDER_STATE_CHANGED;WAITING_VALIDATION;REJECTED;P-2-17
932;4911;assignment-1;232;ASSIGNMENT;ORDER_STATE_CHANGED;CREATED;WAITING_VALIDATION;P-0-2
933;4911;assignment-3;233;ASSIGNMENT;ORDER_STATE_CHANGED;CREATED;WAITING_VALIDATION;P-2-17
934;4926;quality-2;72;QUALITY_CONTROL;ORDER_STATE_CHANGED;PRINTED;APPROVED;
935;4943;assignment-2;234;ASSIGNMENT;ORDER_STATE_CHANGED;CREATED;WAITING_VALIDATION;P-8-4
936;4958;printing-3;74;PRINTING;ORDER_STATE_CHANGED;READY_TO_PRINT;PRINTED;P-0-1
937;4974;assignment-1;235;ASSIGNMENT;ORDER_STATE_CHANGED;CREATED;WAITING_VALIDATION;P-8-5
938;4974;assignment-3;236;ASSIGNMENT;ORDER_STATE_CHANGED;CREATED;WAITING_VALIDATION;P-0-1
939;5005;assignment-2;237;ASSIGNMENT;ORDER_STATE_CHANGED;CREATED;WAITING_VALIDATION;P-8-6
940;5016;validation-2;77;VALIDATION;ORDER_STATE_CHANGED;WAITING_VALIDATION;READY_TO_PRINT;P-2-18
941;5020;validation-1;78;VALIDATION;ORDER_STATE_CHANGED;WAITING_VALIDATION;READY_TO_PRINT;P-2-19
942;5020;printing-1;73;PRINTING;ORDER_STATE_CHANGED;READY_TO_PRINT;PRINTED;P-2-16
943;5036;assignment-3;239;ASSIGNMENT;ORDER_STATE_CHANGED;CREATED;WAITING_VALIDATION;P-2-16
944;5036;assignment-1;238;ASSIGNMENT;ORDER_STATE_CHANGED;CREATED;WAITING_VALIDATION;P-8-7
945;5052;quality-1;74;QUALITY_CONTROL;ORDER_STATE_CHANGED;PRINTED;APPROVED;
946;5068;assignment-2;240;ASSIGNMENT;ORDER_STATE_CHANGED;CREATED;WAITING_VALIDATION;P-8-8
947;5099;assignment-3;241;ASSIGNMENT;ORDER_STATE_CHANGED;CREATED;WAITING_VALIDATION;P-8-9
948;5099;assignment-1;242;ASSIGNMENT;ORDER_STATE_CHANGED;CREATED;WAITING_VALIDATION;P-8-10
949;5114;quality-2;73;QUALITY_CONTROL;ORDER_STATE_CHANGED;PRINTED;APPROVED;
950;5130;assignment-2;243;ASSIGNMENT;ORDER_STATE_CHANGED;CREATED;WAITING_VALIDATION;P-8-11
951;5146;validation-1;79;VALIDATION;ORDER_STATE_CHANGED;WAITING_VALIDATION;READY_TO_PRINT;P-3-0
952;5146;validation-2;80;VALIDATION;ORDER_STATE_CHANGED;WAITING_VALIDATION;READY_TO_PRINT;P-0-5
953;5161;assignment-1;245;ASSIGNMENT;ORDER_STATE_CHANGED;CREATED;WAITING_VALIDATION;P-8-12
954;5161;assignment-3;244;ASSIGNMENT;ORDER_STATE_CHANGED;CREATED;WAITING_VALIDATION;P-8-13
955;5193;assignment-2;246;ASSIGNMENT;ORDER_STATE_CHANGED;CREATED;WAITING_VALIDATION;P-8-14
956;5208;printing-2;77;PRINTING;ORDER_STATE_CHANGED;READY_TO_PRINT;PRINTED;P-2-18
957;5208;printing-3;78;PRINTING;ORDER_STATE_CHANGED;READY_TO_PRINT;PRINTED;P-2-19
958;5224;assignment-1;248;ASSIGNMENT;ORDER_STATE_CHANGED;CREATED;WAITING_VALIDATION;P-2-18
959;5224;assignment-3;247;ASSIGNMENT;ORDER_STATE_CHANGED;CREATED;WAITING_VALIDATION;P-2-19
960;5255;assignment-2;249;ASSIGNMENT;ORDER_STATE_CHANGED;CREATED;WAITING_VALIDATION;P-8-15
961;5271;validation-1;82;VALIDATION;ORDER_STATE_CHANGED;WAITING_VALIDATION;REJECTED;P-0-18
962;5271;validation-2;81;VALIDATION;ORDER_STATE_CHANGED;WAITING_VALIDATION;READY_TO_PRINT;P-3-1
963;5287;assignment-3;251;ASSIGNMENT;ORDER_STATE_CHANGED;CREATED;WAITING_VALIDATION;P-0-18
964;5287;assignment-1;250;ASSIGNMENT;ORDER_STATE_CHANGED;CREATED;WAITING_VALIDATION;P-8-16
965;5302;quality-2;78;QUALITY_CONTROL;ORDER_STATE_CHANGED;PRINTED;APPROVED;
966;5302;quality-1;77;QUALITY_CONTROL;ORDER_STATE_CHANGED;PRINTED;APPROVED;
967;5318;assignment-2;252;ASSIGNMENT;ORDER_STATE_CHANGED;CREATED;WAITING_VALIDATION;P-8-17
968;5334;printing-1;79;PRINTING;ORDER_STATE_CHANGED;READY_TO_PRINT;PRINTED;P-3-0
969;5350;assignment-3;253;ASSIGNMENT;ORDER_STATE_CHANGED;CREATED;WAITING_VALIDATION;P-3-0
970;5350;assignment-1;254;ASSIGNMENT;ORDER_STATE_CHANGED;CREATED;WAITING_VALIDATION;P-8-18
971;5381;assignment-2;255;ASSIGNMENT;ORDER_STATE_CHANGED;CREATED;WAITING_VALIDATION;P-8-19
972;5396;printing-2;80;PRINTING;ORDER_STATE_CHANGED;READY_TO_PRINT;PRINTED;P-0-5
973;5396;validation-2;84;VALIDATION;ORDER_STATE_CHANGED;WAITING_VALIDATION;READY_TO_PRINT;P-3-3
974;5396;validation-1;83;VALIDATION;ORDER_STATE_CHANGED;WAITING_VALIDATION;READY_TO_PRINT;P-3-2
975;5412;assignment-1;257;ASSIGNMENT;ORDER_STATE_CHANGED;CREATED;WAITING_VALIDATION;P-9-0
976;5412;assignment-3;256;ASSIGNMENT;ORDER_STATE_CHANGED;CREATED;WAITING_VALIDATION;P-0-5
977;5428;quality-2;79;QUALITY_CONTROL;ORDER_STATE_CHANGED;PRINTED;APPROVED;
978;5444;assignment-2;258;ASSIGNMENT;ORDER_STATE_CHANGED;CREATED;WAITING_VALIDATION;P-9-1
979;5462;printing-3;81;PRINTING;ORDER_STATE_CHANGED;READY_TO_PRINT;PRINTED;P-3-1
980;5475;assignment-1;259;ASSIGNMENT;ORDER_STATE_CHANGED;CREATED;WAITING_VALIDATION;P-3-1
981;5476;assignment-3;260;ASSIGNMENT;ORDER_STATE_CHANGED;CREATED;WAITING_VALIDATION;P-9-2
982;5491;quality-1;80;QUALITY_CONTROL;ORDER_STATE_CHANGED;PRINTED;APPROVED;
983;5507;assignment-2;261;ASSIGNMENT;ORDER_STATE_CHANGED;CREATED;WAITING_VALIDATION;P-9-3
984;5522;validation-2;86;VALIDATION;ORDER_STATE_CHANGED;WAITING_VALIDATION;READY_TO_PRINT;P-0-19
985;5522;validation-1;85;VALIDATION;ORDER_STATE_CHANGED;WAITING_VALIDATION;READY_TO_PRINT;P-3-4
986;5539;assignment-1;262;ASSIGNMENT;ORDER_STATE_CHANGED;CREATED;WAITING_VALIDATION;P-9-4
987;5539;assignment-3;263;ASSIGNMENT;ORDER_STATE_CHANGED;CREATED;WAITING_VALIDATION;P-9-5
988;5555;quality-2;81;QUALITY_CONTROL;ORDER_STATE_CHANGED;PRINTED;APPROVED;
989;5571;assignment-2;264;ASSIGNMENT;ORDER_STATE_CHANGED;CREATED;WAITING_VALIDATION;P-9-6
990;5587;printing-2;83;PRINTING;ORDER_STATE_CHANGED;READY_TO_PRINT;PRINTED;P-3-2
991;5587;printing-1;84;PRINTING;ORDER_STATE_CHANGED;READY_TO_PRINT;PRINTED;P-3-3
992;5602;assignment-1;265;ASSIGNMENT;ORDER_STATE_CHANGED;CREATED;WAITING_VALIDATION;P-3-2
993;5602;assignment-3;266;ASSIGNMENT;ORDER_STATE_CHANGED;CREATED;WAITING_VALIDATION;P-3-3
994;5634;assignment-2;267;ASSIGNMENT;ORDER_STATE_CHANGED;CREATED;WAITING_VALIDATION;P-9-7
995;5649;validation-1;87;VALIDATION;ORDER_STATE_CHANGED;WAITING_VALIDATION;READY_TO_PRINT;P-3-5
996;5649;validation-2;89;VALIDATION;ORDER_STATE_CHANGED;WAITING_VALIDATION;REJECTED;P-1-0
997;5665;assignment-3;269;ASSIGNMENT;ORDER_STATE_CHANGED;CREATED;WAITING_VALIDATION;P-1-0
998;5665;assignment-1;268;ASSIGNMENT;ORDER_STATE_CHANGED;CREATED;WAITING_VALIDATION;P-9-8
999;5681;quality-2;84;QUALITY_CONTROL;ORDER_STATE_CHANGED;PRINTED;APPROVED;
1000;5681;quality-1;83;QUALITY_CONTROL;ORDER_STATE_CHANGED;PRINTED;APPROVED;
1001;5698;assignment-2;270;ASSIGNMENT;ORDER_STATE_CHANGED;CREATED;WAITING_VALIDATION;P-9-9
1002;5713;printing-3;86;PRINTING;ORDER_STATE_CHANGED;READY_TO_PRINT;PRINTED;P-0-19
1003;5728;assignment-3;271;ASSIGNMENT;ORDER_STATE_CHANGED;CREATED;WAITING_VALIDATION;P-0-19
1004;5728;assignment-1;272;ASSIGNMENT;ORDER_STATE_CHANGED;CREATED;WAITING_VALIDATION;P-9-10
1005;5759;assignment-2;273;ASSIGNMENT;ORDER_STATE_CHANGED;CREATED;WAITING_VALIDATION;P-9-11
1006;5775;validation-2;90;VALIDATION;ORDER_STATE_CHANGED;WAITING_VALIDATION;READY_TO_PRINT;P-3-7
1007;5775;validation-1;88;VALIDATION;ORDER_STATE_CHANGED;WAITING_VALIDATION;READY_TO_PRINT;P-3-6
1008;5775;printing-2;85;PRINTING;ORDER_STATE_CHANGED;READY_TO_PRINT;PRINTED;P-3-4
1009;5790;assignment-1;275;ASSIGNMENT;ORDER_STATE_CHANGED;CREATED;WAITING_VALIDATION;P-3-4
1010;5790;assignment-3;274;ASSIGNMENT;ORDER_STATE_CHANGED;CREATED;WAITING_VALIDATION;P-9-12
1011;5806;quality-2;86;QUALITY_CONTROL;ORDER_STATE_CHANGED;PRINTED;APPROVED;
1012;5822;assignment-2;276;ASSIGNMENT;ORDER_STATE_CHANGED;CREATED;WAITING_VALIDATION;P-9-13
1013;5838;printing-1;87;PRINTING;ORDER_STATE_CHANGED;READY_TO_PRINT;PRINTED;P-3-5
1014;5853;assignment-1;277;ASSIGNMENT;ORDER_STATE_CHANGED;CREATED;WAITING_VALIDATION;P-3-5
1015;5853;assignment-3;278;ASSIGNMENT;ORDER_STATE_CHANGED;CREATED;WAITING_VALIDATION;P-9-14
1016;5869;quality-1;85;QUALITY_CONTROL;ORDER_STATE_CHANGED;PRINTED;APPROVED;
1017;5884;assignment-2;279;ASSIGNMENT;ORDER_STATE_CHANGED;CREATED;WAITING_VALIDATION;P-9-15
1018;5901;validation-2;92;VALIDATION;ORDER_STATE_CHANGED;WAITING_VALIDATION;READY_TO_PRINT;P-3-8
1019;5901;validation-1;91;VALIDATION;ORDER_STATE_CHANGED;WAITING_VALIDATION;READY_TO_PRINT;P-0-3
1020;5917;assignment-1;280;ASSIGNMENT;ORDER_STATE_CHANGED;CREATED;WAITING_VALIDATION;P-9-16
1021;5917;assignment-3;281;ASSIGNMENT;ORDER_STATE_CHANGED;CREATED;WAITING_VALIDATION;P-9-17
1022;5932;quality-2;87;QUALITY_CONTROL;ORDER_STATE_CHANGED;PRINTED;APPROVED;
1023;5948;assignment-2;282;ASSIGNMENT;ORDER_STATE_CHANGED;CREATED;WAITING_VALIDATION;P-9-18
1024;5964;printing-3;90;PRINTING;ORDER_STATE_CHANGED;READY_TO_PRINT;PRINTED;P-3-7
1025;5964;printing-2;88;PRINTING;ORDER_STATE_CHANGED;READY_TO_PRINT;PRINTED;P-3-6
1026;5979;assignment-3;284;ASSIGNMENT;ORDER_STATE_CHANGED;CREATED;WAITING_VALIDATION;P-3-6
1027;5979;assignment-1;283;ASSIGNMENT;ORDER_STATE_CHANGED;CREATED;WAITING_VALIDATION;P-3-7
1028;6010;assignment-2;285;ASSIGNMENT;ORDER_STATE_CHANGED;CREATED;WAITING_VALIDATION;P-9-19
1029;6026;validation-1;93;VALIDATION;ORDER_STATE_CHANGED;WAITING_VALIDATION;READY_TO_PRINT;P-3-9
1030;6026;validation-2;95;VALIDATION;ORDER_STATE_CHANGED;WAITING_VALIDATION;READY_TO_PRINT;P-1-1
1031;6057;quality-1;90;QUALITY_CONTROL;ORDER_STATE_CHANGED;PRINTED;APPROVED;
1032;6057;quality-2;88;QUALITY_CONTROL;ORDER_STATE_CHANGED;PRINTED;APPROVED;
1033;6088;printing-1;92;PRINTING;ORDER_STATE_CHANGED;READY_TO_PRINT;PRINTED;P-3-8
1034;6089;assignment-1;287;ASSIGNMENT;ORDER_STATE_CHANGED;CREATED;WAITING_VALIDATION;P-3-8
1035;6151;printing-3;91;PRINTING;ORDER_STATE_CHANGED;READY_TO_PRINT;PRINTED;P-0-3
1036;6151;validation-1;96;VALIDATION;ORDER_STATE_CHANGED;WAITING_VALIDATION;READY_TO_PRINT;P-3-11
1037;6151;validation-2;94;VALIDATION;ORDER_STATE_CHANGED;WAITING_VALIDATION;REJECTED;P-3-10
1038;6151;assignment-3;286;ASSIGNMENT;ORDER_STATE_CHANGED;CREATED;WAITING_VALIDATION;P-0-3
1039;6151;assignment-2;288;ASSIGNMENT;ORDER_STATE_CHANGED;CREATED;WAITING_VALIDATION;P-3-10
1040;6182;quality-1;92;QUALITY_CONTROL;ORDER_STATE_CHANGED;PRINTED;APPROVED;
1041;6214;printing-2;93;PRINTING;ORDER_STATE_CHANGED;READY_TO_PRINT;PRINT_FAILED;P-3-9
1042;6245;quality-2;91;QUALITY_CONTROL;ORDER_STATE_CHANGED;PRINTED;APPROVED;
1043;6276;validation-2;98;VALIDATION;ORDER_STATE_CHANGED;WAITING_VALIDATION;READY_TO_PRINT;P-3-12
1044;6276;validation-1;97;VALIDATION;ORDER_STATE_CHANGED;WAITING_VALIDATION;READY_TO_PRINT;P-1-2
1045;6276;printing-1;95;PRINTING;ORDER_STATE_CHANGED;READY_TO_PRINT;PRINTED;P-1-1
1046;6277;assignment-1;289;ASSIGNMENT;ORDER_STATE_CHANGED;CREATED;WAITING_VALIDATION;P-1-1
1047;6339;printing-3;96;PRINTING;ORDER_STATE_CHANGED;READY_TO_PRINT;PRINT_FAILED;P-3-11
1048;6371;quality-1;95;QUALITY_CONTROL;ORDER_STATE_CHANGED;PRINTED;APPROVED;
1049;6404;validation-1;99;VALIDATION;ORDER_STATE_CHANGED;WAITING_VALIDATION;REJECTED;P-3-13
1050;6404;validation-2;101;VALIDATION;ORDER_STATE_CHANGED;WAITING_VALIDATION;REJECTED;P-0-0
1051;6404;assignment-3;290;ASSIGNMENT;ORDER_STATE_CHANGED;CREATED;WAITING_VALIDATION;P-0-0
1052;6404;assignment-2;291;ASSIGNMENT;ORDER_STATE_CHANGED;CREATED;WAITING_VALIDATION;P-3-13
1053;6466;printing-2;98;PRINTING;ORDER_STATE_CHANGED;READY_TO_PRINT;PRINTED;P-3-12
1054;6466;printing-1;97;PRINTING;ORDER_STATE_CHANGED;READY_TO_PRINT;PRINTED;P-1-2
1055;6466;assignment-1;292;ASSIGNMENT;ORDER_STATE_CHANGED;CREATED;WAITING_VALIDATION;P-1-2
1056;6466;assignment-2;294;ASSIGNMENT;ORDER_STATE_CHANGED;CREATED;WAITING_VALIDATION;P-3-12
1057;6529;validation-1;100;VALIDATION;ORDER_STATE_CHANGED;WAITING_VALIDATION;READY_TO_PRINT;P-0-4
1058;6529;validation-2;102;VALIDATION;ORDER_STATE_CHANGED;WAITING_VALIDATION;READY_TO_PRINT;P-3-14
1059;6561;quality-1;97;QUALITY_CONTROL;ORDER_STATE_CHANGED;PRINTED;APPROVED;
1060;6561;quality-2;98;QUALITY_CONTROL;ORDER_STATE_CHANGED;PRINTED;DEFECTIVE;
1061;6656;validation-1;104;VALIDATION;ORDER_STATE_CHANGED;WAITING_VALIDATION;READY_TO_PRINT;P-3-15
1062;6656;validation-2;103;VALIDATION;ORDER_STATE_CHANGED;WAITING_VALIDATION;READY_TO_PRINT;P-1-3
1063;6719;printing-3;100;PRINTING;ORDER_STATE_CHANGED;READY_TO_PRINT;PRINTED;P-0-4
1064;6719;printing-1;102;PRINTING;ORDER_STATE_CHANGED;READY_TO_PRINT;PRINTED;P-3-14
1065;6719;assignment-3;293;ASSIGNMENT;ORDER_STATE_CHANGED;CREATED;WAITING_VALIDATION;P-0-4
1066;6719;assignment-1;295;ASSIGNMENT;ORDER_STATE_CHANGED;CREATED;WAITING_VALIDATION;P-3-14
1067;6782;validation-1;107;VALIDATION;ORDER_STATE_CHANGED;WAITING_VALIDATION;READY_TO_PRINT;P-0-6
1068;6782;validation-2;105;VALIDATION;ORDER_STATE_CHANGED;WAITING_VALIDATION;READY_TO_PRINT;P-3-16
1069;6814;quality-1;100;QUALITY_CONTROL;ORDER_STATE_CHANGED;PRINTED;APPROVED;
1070;6814;quality-2;102;QUALITY_CONTROL;ORDER_STATE_CHANGED;PRINTED;APPROVED;
1071;6846;printing-2;104;PRINTING;ORDER_STATE_CHANGED;READY_TO_PRINT;PRINTED;P-3-15
1072;6846;assignment-2;296;ASSIGNMENT;ORDER_STATE_CHANGED;CREATED;WAITING_VALIDATION;P-3-15
1073;6909;printing-3;103;PRINTING;ORDER_STATE_CHANGED;READY_TO_PRINT;PRINTED;P-1-3
1074;6909;validation-2;108;VALIDATION;ORDER_STATE_CHANGED;WAITING_VALIDATION;READY_TO_PRINT;P-3-18
1075;6909;validation-1;106;VALIDATION;ORDER_STATE_CHANGED;WAITING_VALIDATION;READY_TO_PRINT;P-3-17
1076;6909;assignment-1;298;ASSIGNMENT;ORDER_STATE_CHANGED;CREATED;WAITING_VALIDATION;P-1-3
1077;6940;quality-2;104;QUALITY_CONTROL;ORDER_STATE_CHANGED;PRINTED;APPROVED;
1078;6972;printing-1;107;PRINTING;ORDER_STATE_CHANGED;READY_TO_PRINT;PRINTED;P-0-6
1079;6972;assignment-3;297;ASSIGNMENT;ORDER_STATE_CHANGED;CREATED;WAITING_VALIDATION;P-0-6
1080;7004;quality-1;103;QUALITY_CONTROL;ORDER_STATE_CHANGED;PRINTED;APPROVED;
1081;7035;printing-2;105;PRINTING;ORDER_STATE_CHANGED;READY_TO_PRINT;PRINTED;P-3-16
1082;7035;validation-1;109;VALIDATION;ORDER_STATE_CHANGED;WAITING_VALIDATION;READY_TO_PRINT;P-1-4
1083;7035;validation-2;110;VALIDATION;ORDER_STATE_CHANGED;WAITING_VALIDATION;READY_TO_PRINT;P-3-19
1084;7035;assignment-2;299;ASSIGNMENT;ORDER_STATE_CHANGED;CREATED;WAITING_VALIDATION;P-3-16
1085;7065;quality-2;107;QUALITY_CONTROL;ORDER_STATE_CHANGED;PRINTED;APPROVED;
1086;7097;printing-3;108;PRINTING;ORDER_STATE_CHANGED;READY_TO_PRINT;PRINT_FAILED;P-3-18
1087;7128;quality-1;105;QUALITY_CONTROL;ORDER_STATE_CHANGED;PRINTED;APPROVED;
1088;7156;validation-1;111;VALIDATION;ORDER_STATE_CHANGED;WAITING_VALIDATION;READY_TO_PRINT;P-4-0
1089;7160;printing-1;106;PRINTING;ORDER_STATE_CHANGED;READY_TO_PRINT;PRINTED;P-3-17
1090;7160;validation-2;112;VALIDATION;ORDER_STATE_CHANGED;WAITING_VALIDATION;READY_TO_PRINT;P-4-1
1091;7160;assignment-1;300;ASSIGNMENT;ORDER_STATE_CHANGED;CREATED;WAITING_VALIDATION;P-3-17
1092;7224;printing-2;109;PRINTING;ORDER_STATE_CHANGED;READY_TO_PRINT;PRINT_FAILED;P-1-4
1093;7255;quality-2;106;QUALITY_CONTROL;ORDER_STATE_CHANGED;PRINTED;DEFECTIVE;
1094;7286;printing-3;110;PRINTING;ORDER_STATE_CHANGED;READY_TO_PRINT;PRINTED;P-3-19
1095;7286;validation-1;113;VALIDATION;ORDER_STATE_CHANGED;WAITING_VALIDATION;READY_TO_PRINT;P-4-2
1096;7286;validation-2;114;VALIDATION;ORDER_STATE_CHANGED;WAITING_VALIDATION;READY_TO_PRINT;P-4-3
1097;7286;assignment-3;301;ASSIGNMENT;ORDER_STATE_CHANGED;CREATED;WAITING_VALIDATION;P-3-19
1098;7348;printing-1;111;PRINTING;ORDER_STATE_CHANGED;READY_TO_PRINT;PRINTED;P-4-0
1099;7348;assignment-2;302;ASSIGNMENT;ORDER_STATE_CHANGED;CREATED;WAITING_VALIDATION;P-4-0
1100;7379;quality-1;110;QUALITY_CONTROL;ORDER_STATE_CHANGED;PRINTED;APPROVED;
1101;7410;printing-2;112;PRINTING;ORDER_STATE_CHANGED;READY_TO_PRINT;PRINTED;P-4-1
1102;7410;validation-2;116;VALIDATION;ORDER_STATE_CHANGED;WAITING_VALIDATION;REJECTED;P-1-7
1103;7410;validation-1;115;VALIDATION;ORDER_STATE_CHANGED;WAITING_VALIDATION;READY_TO_PRINT;P-1-5
1104;7410;assignment-1;303;ASSIGNMENT;ORDER_STATE_CHANGED;CREATED;WAITING_VALIDATION;P-1-7
1105;7410;assignment-3;304;ASSIGNMENT;ORDER_STATE_CHANGED;CREATED;WAITING_VALIDATION;P-4-1
1106;7442;quality-2;111;QUALITY_CONTROL;ORDER_STATE_CHANGED;PRINTED;APPROVED;
1107;7473;printing-3;113;PRINTING;ORDER_STATE_CHANGED;READY_TO_PRINT;PRINTED;P-4-2
1108;7474;assignment-2;305;ASSIGNMENT;ORDER_STATE_CHANGED;CREATED;WAITING_VALIDATION;P-4-2
1109;7505;quality-1;112;QUALITY_CONTROL;ORDER_STATE_CHANGED;PRINTED;APPROVED;
1110;7537;printing-1;114;PRINTING;ORDER_STATE_CHANGED;READY_TO_PRINT;PRINT_FAILED;P-4-3
1111;7537;validation-1;117;VALIDATION;ORDER_STATE_CHANGED;WAITING_VALIDATION;READY_TO_PRINT;P-4-4
1112;7537;validation-2;118;VALIDATION;ORDER_STATE_CHANGED;WAITING_VALIDATION;READY_TO_PRINT;P-4-5
1113;7569;quality-2;113;QUALITY_CONTROL;ORDER_STATE_CHANGED;PRINTED;APPROVED;
1114;7600;printing-2;115;PRINTING;ORDER_STATE_CHANGED;READY_TO_PRINT;PRINTED;P-1-5
1115;7600;assignment-1;306;ASSIGNMENT;ORDER_STATE_CHANGED;CREATED;WAITING_VALIDATION;P-1-5
1116;7664;validation-2;119;VALIDATION;ORDER_STATE_CHANGED;WAITING_VALIDATION;REJECTED;P-4-6
1117;7664;validation-1;120;VALIDATION;ORDER_STATE_CHANGED;WAITING_VALIDATION;READY_TO_PRINT;P-4-7
1118;7664;assignment-3;307;ASSIGNMENT;ORDER_STATE_CHANGED;CREATED;WAITING_VALIDATION;P-4-6
1119;7695;quality-1;115;QUALITY_CONTROL;ORDER_STATE_CHANGED;PRINTED;APPROVED;
1120;7726;printing-1;118;PRINTING;ORDER_STATE_CHANGED;READY_TO_PRINT;PRINT_FAILED;P-4-5
1121;7726;printing-3;117;PRINTING;ORDER_STATE_CHANGED;READY_TO_PRINT;PRINTED;P-4-4
1122;7726;assignment-2;308;ASSIGNMENT;ORDER_STATE_CHANGED;CREATED;WAITING_VALIDATION;P-4-4
1123;7789;validation-1;121;VALIDATION;ORDER_STATE_CHANGED;WAITING_VALIDATION;READY_TO_PRINT;P-1-8
1124;7789;validation-2;122;VALIDATION;ORDER_STATE_CHANGED;WAITING_VALIDATION;READY_TO_PRINT;P-4-8
1125;7821;quality-2;117;QUALITY_CONTROL;ORDER_STATE_CHANGED;PRINTED;APPROVED;
1126;7852;printing-2;120;PRINTING;ORDER_STATE_CHANGED;READY_TO_PRINT;PRINTED;P-4-7
1127;7852;assignment-1;309;ASSIGNMENT;ORDER_STATE_CHANGED;CREATED;WAITING_VALIDATION;P-4-7
1128;7914;validation-2;123;VALIDATION;ORDER_STATE_CHANGED;WAITING_VALIDATION;READY_TO_PRINT;P-4-9
1129;7914;validation-1;125;VALIDATION;ORDER_STATE_CHANGED;WAITING_VALIDATION;READY_TO_PRINT;P-4-10
1130;7945;quality-1;120;QUALITY_CONTROL;ORDER_STATE_CHANGED;PRINTED;APPROVED;
1131;7976;printing-1;121;PRINTING;ORDER_STATE_CHANGED;READY_TO_PRINT;PRINT_FAILED;P-1-8
1132;7976;printing-3;122;PRINTING;ORDER_STATE_CHANGED;READY_TO_PRINT;PRINTED;P-4-8
1133;7977;assignment-3;310;ASSIGNMENT;ORDER_STATE_CHANGED;CREATED;WAITING_VALIDATION;P-4-8
1134;8038;validation-2;124;VALIDATION;ORDER_STATE_CHANGED;WAITING_VALIDATION;READY_TO_PRINT;P-4-11
1135;8038;validation-1;126;VALIDATION;ORDER_STATE_CHANGED;WAITING_VALIDATION;REJECTED;P-4-12
1136;8039;assignment-2;311;ASSIGNMENT;ORDER_STATE_CHANGED;CREATED;WAITING_VALIDATION;P-4-12
1137;8070;quality-2;122;QUALITY_CONTROL;ORDER_STATE_CHANGED;PRINTED;APPROVED;
1138;8101;printing-2;123;PRINTING;ORDER_STATE_CHANGED;READY_TO_PRINT;PRINTED;P-4-9
1139;8101;assignment-1;312;ASSIGNMENT;ORDER_STATE_CHANGED;CREATED;WAITING_VALIDATION;P-4-9
1140;8164;validation-2;128;VALIDATION;ORDER_STATE_CHANGED;WAITING_VALIDATION;READY_TO_PRINT;P-1-9
1141;8164;validation-1;127;VALIDATION;ORDER_STATE_CHANGED;WAITING_VALIDATION;READY_TO_PRINT;P-4-13
1142;8164;printing-1;125;PRINTING;ORDER_STATE_CHANGED;READY_TO_PRINT;PRINTED;P-4-10
1143;8164;assignment-3;313;ASSIGNMENT;ORDER_STATE_CHANGED;CREATED;WAITING_VALIDATION;P-4-10
1144;8195;quality-1;123;QUALITY_CONTROL;ORDER_STATE_CHANGED;PRINTED;APPROVED;
1145;8227;printing-3;124;PRINTING;ORDER_STATE_CHANGED;READY_TO_PRINT;PRINTED;P-4-11
1146;8227;assignment-2;314;ASSIGNMENT;ORDER_STATE_CHANGED;CREATED;WAITING_VALIDATION;P-4-11
1147;8244;quality-2;125;QUALITY_CONTROL;ORDER_STATE_CHANGED;PRINTED;APPROVED;
1148;8290;validation-1;131;VALIDATION;ORDER_STATE_CHANGED;WAITING_VALIDATION;REJECTED;P-1-10
1149;8290;validation-2;129;VALIDATION;ORDER_STATE_CHANGED;WAITING_VALIDATION;READY_TO_PRINT;P-4-14
1150;8290;assignment-1;315;ASSIGNMENT;ORDER_STATE_CHANGED;CREATED;WAITING_VALIDATION;P-1-10
1151;8321;quality-1;124;QUALITY_CONTROL;ORDER_STATE_CHANGED;PRINTED;APPROVED;
1152;8354;printing-2;128;PRINTING;ORDER_STATE_CHANGED;READY_TO_PRINT;PRINTED;P-1-9
1153;8354;printing-1;127;PRINTING;ORDER_STATE_CHANGED;READY_TO_PRINT;PRINTED;P-4-13
1154;8354;assignment-3;316;ASSIGNMENT;ORDER_STATE_CHANGED;CREATED;WAITING_VALIDATION;P-1-9
1155;8354;assignment-2;317;ASSIGNMENT;ORDER_STATE_CHANGED;CREATED;WAITING_VALIDATION;P-4-13
1156;8416;validation-1;132;VALIDATION;ORDER_STATE_CHANGED;WAITING_VALIDATION;READY_TO_PRINT;P-4-16
1157;8416;validation-2;130;VALIDATION;ORDER_STATE_CHANGED;WAITING_VALIDATION;READY_TO_PRINT;P-4-15
1158;8447;quality-1;127;QUALITY_CONTROL;ORDER_STATE_CHANGED;PRINTED;APPROVED;
1159;8447;quality-2;128;QUALITY_CONTROL;ORDER_STATE_CHANGED;PRINTED;APPROVED;
1160;8479;printing-3;129;PRINTING;ORDER_STATE_CHANGED;READY_TO_PRINT;PRINTED;P-4-14
1161;8479;assignment-1;318;ASSIGNMENT;ORDER_STATE_CHANGED;CREATED;WAITING_VALIDATION;P-4-14
1162;8542;validation-2;134;VALIDATION;ORDER_STATE_CHANGED;WAITING_VALIDATION;READY_TO_PRINT;P-4-17
1163;8542;validation-1;133;VALIDATION;ORDER_STATE_CHANGED;WAITING_VALIDATION;READY_TO_PRINT;P-1-12
1164;8573;quality-2;129;QUALITY_CONTROL;ORDER_STATE_CHANGED;PRINTED;APPROVED;
1165;8604;printing-1;130;PRINTING;ORDER_STATE_CHANGED;READY_TO_PRINT;PRINTED;P-4-15
1166;8604;printing-2;132;PRINTING;ORDER_STATE_CHANGED;READY_TO_PRINT;PRINTED;P-4-16
1167;8604;assignment-2;320;ASSIGNMENT;ORDER_STATE_CHANGED;CREATED;WAITING_VALIDATION;P-4-15
1168;8604;assignment-3;319;ASSIGNMENT;ORDER_STATE_CHANGED;CREATED;WAITING_VALIDATION;P-4-16
1169;8667;validation-2;135;VALIDATION;ORDER_STATE_CHANGED;WAITING_VALIDATION;REJECTED;P-4-18
1170;8667;validation-1;136;VALIDATION;ORDER_STATE_CHANGED;WAITING_VALIDATION;READY_TO_PRINT;P-1-11
1171;8667;assignment-1;321;ASSIGNMENT;ORDER_STATE_CHANGED;CREATED;WAITING_VALIDATION;P-4-18
1172;8699;quality-2;132;QUALITY_CONTROL;ORDER_STATE_CHANGED;PRINTED;APPROVED;
1173;8699;quality-1;130;QUALITY_CONTROL;ORDER_STATE_CHANGED;PRINTED;APPROVED;
1174;8730;printing-3;134;PRINTING;ORDER_STATE_CHANGED;READY_TO_PRINT;PRINTED;P-4-17
1175;8730;assignment-3;323;ASSIGNMENT;ORDER_STATE_CHANGED;CREATED;WAITING_VALIDATION;P-4-17
1176;8792;validation-1;137;VALIDATION;ORDER_STATE_CHANGED;WAITING_VALIDATION;READY_TO_PRINT;P-4-19
1177;8792;validation-2;138;VALIDATION;ORDER_STATE_CHANGED;WAITING_VALIDATION;READY_TO_PRINT;P-5-0
1178;8792;printing-1;133;PRINTING;ORDER_STATE_CHANGED;READY_TO_PRINT;PRINT_FAILED;P-1-12
1179;8824;quality-2;134;QUALITY_CONTROL;ORDER_STATE_CHANGED;PRINTED;APPROVED;
1180;8855;printing-2;136;PRINTING;ORDER_STATE_CHANGED;READY_TO_PRINT;PRINTED;P-1-11
1181;8855;assignment-2;322;ASSIGNMENT;ORDER_STATE_CHANGED;CREATED;WAITING_VALIDATION;P-1-11
1182;8919;validation-1;139;VALIDATION;ORDER_STATE_CHANGED;WAITING_VALIDATION;READY_TO_PRINT;P-1-14
1183;8919;validation-2;140;VALIDATION;ORDER_STATE_CHANGED;WAITING_VALIDATION;READY_TO_PRINT;P-5-1
1184;8950;quality-1;136;QUALITY_CONTROL;ORDER_STATE_CHANGED;PRINTED;APPROVED;
1185;8981;printing-1;137;PRINTING;ORDER_STATE_CHANGED;READY_TO_PRINT;PRINTED;P-4-19
1186;8981;printing-3;138;PRINTING;ORDER_STATE_CHANGED;READY_TO_PRINT;PRINTED;P-5-0
1187;8981;assignment-1;324;ASSIGNMENT;ORDER_STATE_CHANGED;CREATED;WAITING_VALIDATION;P-4-19
1188;8981;assignment-3;325;ASSIGNMENT;ORDER_STATE_CHANGED;CREATED;WAITING_VALIDATION;P-5-0
1189;9044;validation-2;141;VALIDATION;ORDER_STATE_CHANGED;WAITING_VALIDATION;READY_TO_PRINT;P-5-2
1190;9044;validation-1;142;VALIDATION;ORDER_STATE_CHANGED;WAITING_VALIDATION;READY_TO_PRINT;P-1-13
1191;9075;quality-1;138;QUALITY_CONTROL;ORDER_STATE_CHANGED;PRINTED;APPROVED;
1192;9075;quality-2;137;QUALITY_CONTROL;ORDER_STATE_CHANGED;PRINTED;APPROVED;
1193;9106;printing-2;139;PRINTING;ORDER_STATE_CHANGED;READY_TO_PRINT;PRINTED;P-1-14
1194;9106;assignment-2;326;ASSIGNMENT;ORDER_STATE_CHANGED;CREATED;WAITING_VALIDATION;P-1-14
1195;9169;validation-1;144;VALIDATION;ORDER_STATE_CHANGED;WAITING_VALIDATION;READY_TO_PRINT;P-5-4
1196;9169;printing-1;140;PRINTING;ORDER_STATE_CHANGED;READY_TO_PRINT;PRINTED;P-5-1
1197;9169;validation-2;143;VALIDATION;ORDER_STATE_CHANGED;WAITING_VALIDATION;READY_TO_PRINT;P-5-3
1198;9169;assignment-1;327;ASSIGNMENT;ORDER_STATE_CHANGED;CREATED;WAITING_VALIDATION;P-5-1
1199;9201;quality-1;139;QUALITY_CONTROL;ORDER_STATE_CHANGED;PRINTED;DEFECTIVE;
1200;9232;printing-3;141;PRINTING;ORDER_STATE_CHANGED;READY_TO_PRINT;PRINT_FAILED;P-5-2
1201;9264;quality-2;140;QUALITY_CONTROL;ORDER_STATE_CHANGED;PRINTED;APPROVED;
1202;9295;validation-1;146;VALIDATION;ORDER_STATE_CHANGED;WAITING_VALIDATION;READY_TO_PRINT;P-0-9
1203;9295;printing-2;142;PRINTING;ORDER_STATE_CHANGED;READY_TO_PRINT;PRINT_FAILED;P-1-13
1204;9295;validation-2;145;VALIDATION;ORDER_STATE_CHANGED;WAITING_VALIDATION;READY_TO_PRINT;P-5-5
1205;9358;printing-1;144;PRINTING;ORDER_STATE_CHANGED;READY_TO_PRINT;PRINTED;P-5-4
1206;9358;assignment-3;328;ASSIGNMENT;ORDER_STATE_CHANGED;CREATED;WAITING_VALIDATION;P-5-4
1207;9420;validation-1;147;VALIDATION;ORDER_STATE_CHANGED;WAITING_VALIDATION;READY_TO_PRINT;P-5-6
1208;9420;validation-2;149;VALIDATION;ORDER_STATE_CHANGED;WAITING_VALIDATION;READY_TO_PRINT;P-0-8
1209;9421;printing-3;143;PRINTING;ORDER_STATE_CHANGED;READY_TO_PRINT;PRINTED;P-5-3
1210;9421;assignment-2;329;ASSIGNMENT;ORDER_STATE_CHANGED;CREATED;WAITING_VALIDATION;P-5-3
1211;9452;quality-1;144;QUALITY_CONTROL;ORDER_STATE_CHANGED;PRINTED;APPROVED;
1212;9483;printing-2;146;PRINTING;ORDER_STATE_CHANGED;READY_TO_PRINT;PRINTED;P-0-9
1213;9483;assignment-1;330;ASSIGNMENT;ORDER_STATE_CHANGED;CREATED;WAITING_VALIDATION;P-0-9
1214;9514;quality-2;143;QUALITY_CONTROL;ORDER_STATE_CHANGED;PRINTED;APPROVED;
1215;9544;validation-1;148;VALIDATION;ORDER_STATE_CHANGED;WAITING_VALIDATION;READY_TO_PRINT;P-5-7
1216;9544;validation-2;150;VALIDATION;ORDER_STATE_CHANGED;WAITING_VALIDATION;READY_TO_PRINT;P-5-8
1217;9544;printing-1;145;PRINTING;ORDER_STATE_CHANGED;READY_TO_PRINT;PRINTED;P-5-5
1218;9545;assignment-3;331;ASSIGNMENT;ORDER_STATE_CHANGED;CREATED;WAITING_VALIDATION;P-5-5
1219;9576;quality-1;146;QUALITY_CONTROL;ORDER_STATE_CHANGED;PRINTED;APPROVED;
1220;9607;printing-3;147;PRINTING;ORDER_STATE_CHANGED;READY_TO_PRINT;PRINTED;P-5-6
1221;9607;assignment-2;332;ASSIGNMENT;ORDER_STATE_CHANGED;CREATED;WAITING_VALIDATION;P-5-6
1222;9638;quality-2;145;QUALITY_CONTROL;ORDER_STATE_CHANGED;PRINTED;APPROVED;
1223;9670;validation-2;151;VALIDATION;ORDER_STATE_CHANGED;WAITING_VALIDATION;READY_TO_PRINT;P-5-9
1224;9670;printing-2;149;PRINTING;ORDER_STATE_CHANGED;READY_TO_PRINT;PRINTED;P-0-8
1225;9670;validation-1;152;VALIDATION;ORDER_STATE_CHANGED;WAITING_VALIDATION;READY_TO_PRINT;P-1-15
1226;9670;assignment-1;333;ASSIGNMENT;ORDER_STATE_CHANGED;CREATED;WAITING_VALIDATION;P-0-8
1227;9700;quality-1;147;QUALITY_CONTROL;ORDER_STATE_CHANGED;PRINTED;DEFECTIVE;
1228;9732;printing-1;148;PRINTING;ORDER_STATE_CHANGED;READY_TO_PRINT;PRINTED;P-5-7
1229;9732;assignment-3;334;ASSIGNMENT;ORDER_STATE_CHANGED;CREATED;WAITING_VALIDATION;P-5-7
1230;9762;quality-2;149;QUALITY_CONTROL;ORDER_STATE_CHANGED;PRINTED;APPROVED;
1231;9793;validation-1;154;VALIDATION;ORDER_STATE_CHANGED;WAITING_VALIDATION;REJECTED;P-1-16
1232;9793;printing-3;150;PRINTING;ORDER_STATE_CHANGED;READY_TO_PRINT;PRINTED;P-5-8
1233;9793;validation-2;153;VALIDATION;ORDER_STATE_CHANGED;WAITING_VALIDATION;READY_TO_PRINT;P-5-10
1234;9793;assignment-2;335;ASSIGNMENT;ORDER_STATE_CHANGED;CREATED;WAITING_VALIDATION;P-1-16
1235;9793;assignment-1;336;ASSIGNMENT;ORDER_STATE_CHANGED;CREATED;WAITING_VALIDATION;P-5-8
1236;9825;quality-1;148;QUALITY_CONTROL;ORDER_STATE_CHANGED;PRINTED;APPROVED;
1237;9856;printing-2;151;PRINTING;ORDER_STATE_CHANGED;READY_TO_PRINT;PRINTED;P-5-9
1238;9856;assignment-3;337;ASSIGNMENT;ORDER_STATE_CHANGED;CREATED;WAITING_VALIDATION;P-5-9
1239;9887;quality-2;150;QUALITY_CONTROL;ORDER_STATE_CHANGED;PRINTED;APPROVED;
1240;9914;validation-2;155;VALIDATION;ORDER_STATE_CHANGED;WAITING_VALIDATION;READY_TO_PRINT;P-5-11
1241;9918;validation-1;156;VALIDATION;ORDER_STATE_CHANGED;WAITING_VALIDATION;READY_TO_PRINT;P-5-12
1242;9918;printing-1;152;PRINTING;ORDER_STATE_CHANGED;READY_TO_PRINT;PRINTED;P-1-15
1243;9918;assignment-2;338;ASSIGNMENT;ORDER_STATE_CHANGED;CREATED;WAITING_VALIDATION;P-1-15
1244;9950;quality-1;151;QUALITY_CONTROL;ORDER_STATE_CHANGED;PRINTED;APPROVED;
1245;9981;printing-3;153;PRINTING;ORDER_STATE_CHANGED;READY_TO_PRINT;PRINTED;P-5-10
1246;9981;assignment-1;339;ASSIGNMENT;ORDER_STATE_CHANGED;CREATED;WAITING_VALIDATION;P-5-10
1247;10012;quality-2;152;QUALITY_CONTROL;ORDER_STATE_CHANGED;PRINTED;APPROVED;
1248;10044;validation-2;157;VALIDATION;ORDER_STATE_CHANGED;WAITING_VALIDATION;READY_TO_PRINT;P-1-18
1249;10044;validation-1;158;VALIDATION;ORDER_STATE_CHANGED;WAITING_VALIDATION;READY_TO_PRINT;P-5-13
1250;10076;quality-1;153;QUALITY_CONTROL;ORDER_STATE_CHANGED;PRINTED;APPROVED;
1251;10108;printing-1;156;PRINTING;ORDER_STATE_CHANGED;READY_TO_PRINT;PRINTED;P-5-12
1252;10108;printing-2;155;PRINTING;ORDER_STATE_CHANGED;READY_TO_PRINT;PRINTED;P-5-11
1253;10108;assignment-3;340;ASSIGNMENT;ORDER_STATE_CHANGED;CREATED;WAITING_VALIDATION;P-5-11
1254;10109;assignment-2;341;ASSIGNMENT;ORDER_STATE_CHANGED;CREATED;WAITING_VALIDATION;P-5-12
1255;10172;validation-2;159;VALIDATION;ORDER_STATE_CHANGED;WAITING_VALIDATION;READY_TO_PRINT;P-5-14
1256;10172;validation-1;160;VALIDATION;ORDER_STATE_CHANGED;WAITING_VALIDATION;REJECTED;P-2-0
1257;10172;assignment-1;342;ASSIGNMENT;ORDER_STATE_CHANGED;CREATED;WAITING_VALIDATION;P-2-0
1258;10204;quality-1;155;QUALITY_CONTROL;ORDER_STATE_CHANGED;PRINTED;APPROVED;
1259;10204;quality-2;156;QUALITY_CONTROL;ORDER_STATE_CHANGED;PRINTED;DEFECTIVE;
1260;10235;printing-3;157;PRINTING;ORDER_STATE_CHANGED;READY_TO_PRINT;PRINTED;P-1-18
1261;10235;assignment-2;344;ASSIGNMENT;ORDER_STATE_CHANGED;CREATED;WAITING_VALIDATION;P-1-18
1262;10297;printing-2;158;PRINTING;ORDER_STATE_CHANGED;READY_TO_PRINT;PRINTED;P-5-13
1263;10297;validation-2;161;VALIDATION;ORDER_STATE_CHANGED;WAITING_VALIDATION;REJECTED;P-1-17
1264;10297;validation-1;162;VALIDATION;ORDER_STATE_CHANGED;WAITING_VALIDATION;REJECTED;P-5-15
1265;10297;assignment-3;343;ASSIGNMENT;ORDER_STATE_CHANGED;CREATED;WAITING_VALIDATION;P-1-17
1266;10297;assignment-1;345;ASSIGNMENT;ORDER_STATE_CHANGED;CREATED;WAITING_VALIDATION;P-5-13
1267;10297;assignment-2;346;ASSIGNMENT;ORDER_STATE_CHANGED;CREATED;WAITING_VALIDATION;P-5-15
1268;10328;quality-1;157;QUALITY_CONTROL;ORDER_STATE_CHANGED;PRINTED;APPROVED;
1269;10360;printing-1;159;PRINTING;ORDER_STATE_CHANGED;READY_TO_PRINT;PRINTED;P-5-14
1270;10360;assignment-3;347;ASSIGNMENT;ORDER_STATE_CHANGED;CREATED;WAITING_VALIDATION;P-5-14
1271;10392;quality-2;158;QUALITY_CONTROL;ORDER_STATE_CHANGED;PRINTED;APPROVED;
1272;10424;validation-2;163;VALIDATION;ORDER_STATE_CHANGED;WAITING_VALIDATION;READY_TO_PRINT;P-5-16
1273;10424;validation-1;164;VALIDATION;ORDER_STATE_CHANGED;WAITING_VALIDATION;READY_TO_PRINT;P-1-19
1274;10455;quality-1;159;QUALITY_CONTROL;ORDER_STATE_CHANGED;PRINTED;APPROVED;
1275;10549;validation-2;165;VALIDATION;ORDER_STATE_CHANGED;WAITING_VALIDATION;READY_TO_PRINT;P-5-17
1276;10549;validation-1;167;VALIDATION;ORDER_STATE_CHANGED;WAITING_VALIDATION;REJECTED;P-0-11
1277;10549;assignment-1;348;ASSIGNMENT;ORDER_STATE_CHANGED;CREATED;WAITING_VALIDATION;P-0-11
1278;10612;printing-2;164;PRINTING;ORDER_STATE_CHANGED;READY_TO_PRINT;PRINTED;P-1-19
1279;10612;printing-3;163;PRINTING;ORDER_STATE_CHANGED;READY_TO_PRINT;PRINT_FAILED;P-5-16
1280;10612;assignment-2;349;ASSIGNMENT;ORDER_STATE_CHANGED;CREATED;WAITING_VALIDATION;P-1-19
1281;10675;validation-1;168;VALIDATION;ORDER_STATE_CHANGED;WAITING_VALIDATION;READY_TO_PRINT;P-5-18
1282;10675;validation-2;166;VALIDATION;ORDER_STATE_CHANGED;WAITING_VALIDATION;READY_TO_PRINT;P-2-2
1283;10706;quality-2;164;QUALITY_CONTROL;ORDER_STATE_CHANGED;PRINTED;DEFECTIVE;
1284;10738;printing-1;165;PRINTING;ORDER_STATE_CHANGED;READY_TO_PRINT;PRINT_FAILED;P-5-17
1285;10800;validation-2;170;VALIDATION;ORDER_STATE_CHANGED;WAITING_VALIDATION;READY_TO_PRINT;P-0-10
1286;10800;validation-1;169;VALIDATION;ORDER_STATE_CHANGED;WAITING_VALIDATION;READY_TO_PRINT;P-5-19
1287;10862;printing-3;168;PRINTING;ORDER_STATE_CHANGED;READY_TO_PRINT;PRINTED;P-5-18
1288;10862;printing-2;166;PRINTING;ORDER_STATE_CHANGED;READY_TO_PRINT;PRINTED;P-2-2
1289;10863;assignment-3;350;ASSIGNMENT;ORDER_STATE_CHANGED;CREATED;WAITING_VALIDATION;P-2-2
1290;10863;assignment-1;351;ASSIGNMENT;ORDER_STATE_CHANGED;CREATED;WAITING_VALIDATION;P-5-18
1291;10925;validation-2;173;VALIDATION;ORDER_STATE_CHANGED;WAITING_VALIDATION;READY_TO_PRINT;P-0-14
1292;10925;validation-1;171;VALIDATION;ORDER_STATE_CHANGED;WAITING_VALIDATION;READY_TO_PRINT;P-6-0
1293;10956;quality-1;168;QUALITY_CONTROL;ORDER_STATE_CHANGED;PRINTED;APPROVED;
1294;10957;quality-2;166;QUALITY_CONTROL;ORDER_STATE_CHANGED;PRINTED;APPROVED;
1295;10988;printing-1;170;PRINTING;ORDER_STATE_CHANGED;READY_TO_PRINT;PRINTED;P-0-10
1296;10988;assignment-2;352;ASSIGNMENT;ORDER_STATE_CHANGED;CREATED;WAITING_VALIDATION;P-0-10
1297;11049;validation-1;174;VALIDATION;ORDER_STATE_CHANGED;WAITING_VALIDATION;READY_TO_PRINT;P-6-2
1298;11049;validation-2;172;VALIDATION;ORDER_STATE_CHANGED;WAITING_VALIDATION;READY_TO_PRINT;P-6-1
1299;11049;printing-3;169;PRINTING;ORDER_STATE_CHANGED;READY_TO_PRINT;PRINTED;P-5-19
1300;11049;assignment-3;353;ASSIGNMENT;ORDER_STATE_CHANGED;CREATED;WAITING_VALIDATION;P-5-19
1301;11080;quality-1;170;QUALITY_CONTROL;ORDER_STATE_CHANGED;PRINTED;APPROVED;
1302;11112;printing-2;173;PRINTING;ORDER_STATE_CHANGED;READY_TO_PRINT;PRINTED;P-0-14
1303;11112;assignment-1;354;ASSIGNMENT;ORDER_STATE_CHANGED;CREATED;WAITING_VALIDATION;P-0-14
1304;11143;quality-2;169;QUALITY_CONTROL;ORDER_STATE_CHANGED;PRINTED;APPROVED;
1305;11174;validation-1;176;VALIDATION;ORDER_STATE_CHANGED;WAITING_VALIDATION;READY_TO_PRINT;P-2-1
1306;11174;validation-2;175;VALIDATION;ORDER_STATE_CHANGED;WAITING_VALIDATION;REJECTED;P-6-3
1307;11174;printing-1;171;PRINTING;ORDER_STATE_CHANGED;READY_TO_PRINT;PRINT_FAILED;P-6-0
1308;11174;assignment-2;355;ASSIGNMENT;ORDER_STATE_CHANGED;CREATED;WAITING_VALIDATION;P-6-3
1309;11205;quality-1;173;QUALITY_CONTROL;ORDER_STATE_CHANGED;PRINTED;APPROVED;
1310;11236;printing-3;174;PRINTING;ORDER_STATE_CHANGED;READY_TO_PRINT;PRINT_FAILED;P-6-2
1311;11298;validation-1;177;VALIDATION;ORDER_STATE_CHANGED;WAITING_VALIDATION;READY_TO_PRINT;P-6-4
1312;11298;validation-2;179;VALIDATION;ORDER_STATE_CHANGED;WAITING_VALIDATION;READY_TO_PRINT;P-6-5
1313;11298;printing-2;172;PRINTING;ORDER_STATE_CHANGED;READY_TO_PRINT;PRINTED;P-6-1
1314;11298;assignment-3;356;ASSIGNMENT;ORDER_STATE_CHANGED;CREATED;WAITING_VALIDATION;P-6-1
1315;11360;printing-1;176;PRINTING;ORDER_STATE_CHANGED;READY_TO_PRINT;PRINT_FAILED;P-2-1
1316;11392;quality-2;172;QUALITY_CONTROL;ORDER_STATE_CHANGED;PRINTED;DEFECTIVE;
1317;11424;validation-1;180;VALIDATION;ORDER_STATE_CHANGED;WAITING_VALIDATION;READY_TO_PRINT;P-6-7
1318;11424;validation-2;178;VALIDATION;ORDER_STATE_CHANGED;WAITING_VALIDATION;READY_TO_PRINT;P-6-6
1319;11487;printing-3;177;PRINTING;ORDER_STATE_CHANGED;READY_TO_PRINT;PRINTED;P-6-4
1320;11487;printing-2;179;PRINTING;ORDER_STATE_CHANGED;READY_TO_PRINT;PRINTED;P-6-5
1321;11487;assignment-1;357;ASSIGNMENT;ORDER_STATE_CHANGED;CREATED;WAITING_VALIDATION;P-6-4
1322;11487;assignment-2;358;ASSIGNMENT;ORDER_STATE_CHANGED;CREATED;WAITING_VALIDATION;P-6-5
1323;11549;validation-1;182;VALIDATION;ORDER_STATE_CHANGED;WAITING_VALIDATION;READY_TO_PRINT;P-2-3
1324;11549;validation-2;181;VALIDATION;ORDER_STATE_CHANGED;WAITING_VALIDATION;READY_TO_PRINT;P-6-8
1325;11580;quality-1;177;QUALITY_CONTROL;ORDER_STATE_CHANGED;PRINTED;APPROVED;
1326;11581;quality-2;179;QUALITY_CONTROL;ORDER_STATE_CHANGED;PRINTED;APPROVED;
1327;11611;printing-1;180;PRINTING;ORDER_STATE_CHANGED;READY_TO_PRINT;PRINTED;P-6-7
1328;11611;assignment-3;359;ASSIGNMENT;ORDER_STATE_CHANGED;CREATED;WAITING_VALIDATION;P-6-7
1329;11672;printing-3;178;PRINTING;ORDER_STATE_CHANGED;READY_TO_PRINT;PRINTED;P-6-6
1330;11672;validation-2;184;VALIDATION;ORDER_STATE_CHANGED;WAITING_VALIDATION;READY_TO_PRINT;P-6-10
1331;11672;validation-1;183;VALIDATION;ORDER_STATE_CHANGED;WAITING_VALIDATION;READY_TO_PRINT;P-6-9
1332;11673;assignment-2;361;ASSIGNMENT;ORDER_STATE_CHANGED;CREATED;WAITING_VALIDATION;P-6-6
1333;11705;quality-1;180;QUALITY_CONTROL;ORDER_STATE_CHANGED;PRINTED;APPROVED;
1334;11737;printing-2;182;PRINTING;ORDER_STATE_CHANGED;READY_TO_PRINT;PRINTED;P-2-3
1335;11737;assignment-1;360;ASSIGNMENT;ORDER_STATE_CHANGED;CREATED;WAITING_VALIDATION;P-2-3
1336;11768;quality-2;178;QUALITY_CONTROL;ORDER_STATE_CHANGED;PRINTED;APPROVED;
1337;11800;validation-1;186;VALIDATION;ORDER_STATE_CHANGED;WAITING_VALIDATION;READY_TO_PRINT;P-6-12
1338;11800;validation-2;185;VALIDATION;ORDER_STATE_CHANGED;WAITING_VALIDATION;READY_TO_PRINT;P-6-11
1339;11800;printing-1;181;PRINTING;ORDER_STATE_CHANGED;READY_TO_PRINT;PRINTED;P-6-8
1340;11800;assignment-3;362;ASSIGNMENT;ORDER_STATE_CHANGED;CREATED;WAITING_VALIDATION;P-6-8
1341;11831;quality-1;182;QUALITY_CONTROL;ORDER_STATE_CHANGED;PRINTED;APPROVED;
1342;11862;printing-3;184;PRINTING;ORDER_STATE_CHANGED;READY_TO_PRINT;PRINTED;P-6-10
1343;11862;assignment-2;363;ASSIGNMENT;ORDER_STATE_CHANGED;CREATED;WAITING_VALIDATION;P-6-10
1344;11894;quality-2;181;QUALITY_CONTROL;ORDER_STATE_CHANGED;PRINTED;APPROVED;
1345;11925;validation-2;187;VALIDATION;ORDER_STATE_CHANGED;WAITING_VALIDATION;READY_TO_PRINT;P-2-4
1346;11925;validation-1;188;VALIDATION;ORDER_STATE_CHANGED;WAITING_VALIDATION;READY_TO_PRINT;P-0-12
1347;11925;printing-2;183;PRINTING;ORDER_STATE_CHANGED;READY_TO_PRINT;PRINTED;P-6-9
1348;11925;assignment-1;364;ASSIGNMENT;ORDER_STATE_CHANGED;CREATED;WAITING_VALIDATION;P-6-9
1349;11955;quality-1;184;QUALITY_CONTROL;ORDER_STATE_CHANGED;PRINTED;APPROVED;
1350;11987;printing-1;186;PRINTING;ORDER_STATE_CHANGED;READY_TO_PRINT;PRINTED;P-6-12
1351;11987;assignment-3;365;ASSIGNMENT;ORDER_STATE_CHANGED;CREATED;WAITING_VALIDATION;P-6-12
1352;12018;quality-2;183;QUALITY_CONTROL;ORDER_STATE_CHANGED;PRINTED;APPROVED;
1353;12049;validation-2;189;VALIDATION;ORDER_STATE_CHANGED;WAITING_VALIDATION;READY_TO_PRINT;P-6-13
1354;12049;validation-1;190;VALIDATION;ORDER_STATE_CHANGED;WAITING_VALIDATION;READY_TO_PRINT;P-6-14
1355;12049;printing-3;185;PRINTING;ORDER_STATE_CHANGED;READY_TO_PRINT;PRINTED;P-6-11
1356;12049;assignment-2;366;ASSIGNMENT;ORDER_STATE_CHANGED;CREATED;WAITING_VALIDATION;P-6-11
1357;12079;quality-1;186;QUALITY_CONTROL;ORDER_STATE_CHANGED;PRINTED;APPROVED;
1358;12110;printing-2;187;PRINTING;ORDER_STATE_CHANGED;READY_TO_PRINT;PRINT_FAILED;P-2-4
1359;12141;quality-2;185;QUALITY_CONTROL;ORDER_STATE_CHANGED;PRINTED;APPROVED;
1360;12173;printing-1;188;PRINTING;ORDER_STATE_CHANGED;READY_TO_PRINT;PRINTED;P-0-12
1361;12173;validation-1;192;VALIDATION;ORDER_STATE_CHANGED;WAITING_VALIDATION;READY_TO_PRINT;P-6-16
1362;12173;validation-2;191;VALIDATION;ORDER_STATE_CHANGED;WAITING_VALIDATION;READY_TO_PRINT;P-6-15
1363;12173;assignment-1;367;ASSIGNMENT;ORDER_STATE_CHANGED;CREATED;WAITING_VALIDATION;P-0-12
1364;12235;printing-3;189;PRINTING;ORDER_STATE_CHANGED;READY_TO_PRINT;PRINTED;P-6-13
1365;12236;assignment-3;368;ASSIGNMENT;ORDER_STATE_CHANGED;CREATED;WAITING_VALIDATION;P-6-13
1366;12267;quality-1;188;QUALITY_CONTROL;ORDER_STATE_CHANGED;PRINTED;APPROVED;
1367;12298;validation-2;193;VALIDATION;ORDER_STATE_CHANGED;WAITING_VALIDATION;READY_TO_PRINT;P-6-17
1368;12298;validation-1;194;VALIDATION;ORDER_STATE_CHANGED;WAITING_VALIDATION;READY_TO_PRINT;P-2-6
1369;12298;printing-2;190;PRINTING;ORDER_STATE_CHANGED;READY_TO_PRINT;PRINTED;P-6-14
1370;12298;assignment-2;369;ASSIGNMENT;ORDER_STATE_CHANGED;CREATED;WAITING_VALIDATION;P-6-14
1371;12328;quality-2;189;QUALITY_CONTROL;ORDER_STATE_CHANGED;PRINTED;APPROVED;
1372;12359;printing-1;192;PRINTING;ORDER_STATE_CHANGED;READY_TO_PRINT;PRINTED;P-6-16
1373;12359;assignment-1;370;ASSIGNMENT;ORDER_STATE_CHANGED;CREATED;WAITING_VALIDATION;P-6-16
1374;12390;quality-1;190;QUALITY_CONTROL;ORDER_STATE_CHANGED;PRINTED;APPROVED;
1375;12421;validation-2;195;VALIDATION;ORDER_STATE_CHANGED;WAITING_VALIDATION;READY_TO_PRINT;P-6-18
1376;12421;printing-3;191;PRINTING;ORDER_STATE_CHANGED;READY_TO_PRINT;PRINTED;P-6-15
1377;12421;validation-1;196;VALIDATION;ORDER_STATE_CHANGED;WAITING_VALIDATION;REJECTED;P-6-19
1378;12421;assignment-3;371;ASSIGNMENT;ORDER_STATE_CHANGED;CREATED;WAITING_VALIDATION;P-6-15
1379;12421;assignment-2;372;ASSIGNMENT;ORDER_STATE_CHANGED;CREATED;WAITING_VALIDATION;P-6-19
1380;12453;quality-2;192;QUALITY_CONTROL;ORDER_STATE_CHANGED;PRINTED;APPROVED;
1381;12484;printing-2;193;PRINTING;ORDER_STATE_CHANGED;READY_TO_PRINT;PRINTED;P-6-17
1382;12485;assignment-1;373;ASSIGNMENT;ORDER_STATE_CHANGED;CREATED;WAITING_VALIDATION;P-6-17
1383;12516;quality-1;191;QUALITY_CONTROL;ORDER_STATE_CHANGED;PRINTED;APPROVED;
1384;12547;validation-2;197;VALIDATION;ORDER_STATE_CHANGED;WAITING_VALIDATION;READY_TO_PRINT;P-7-0
1385;12547;validation-1;198;VALIDATION;ORDER_STATE_CHANGED;WAITING_VALIDATION;READY_TO_PRINT;P-7-1
1386;12547;printing-1;194;PRINTING;ORDER_STATE_CHANGED;READY_TO_PRINT;PRINTED;P-2-6
1387;12547;assignment-3;374;ASSIGNMENT;ORDER_STATE_CHANGED;CREATED;WAITING_VALIDATION;P-2-6
1388;12578;quality-2;193;QUALITY_CONTROL;ORDER_STATE_CHANGED;PRINTED;APPROVED;
1389;12609;printing-3;195;PRINTING;ORDER_STATE_CHANGED;READY_TO_PRINT;PRINT_FAILED;P-6-18
1390;12640;quality-1;194;QUALITY_CONTROL;ORDER_STATE_CHANGED;PRINTED;APPROVED;
1391;12672;validation-2;199;VALIDATION;ORDER_STATE_CHANGED;WAITING_VALIDATION;READY_TO_PRINT;P-7-2
1392;12673;validation-1;200;VALIDATION;ORDER_STATE_CHANGED;WAITING_VALIDATION;READY_TO_PRINT;P-2-7
1393;12734;printing-2;197;PRINTING;ORDER_STATE_CHANGED;READY_TO_PRINT;PRINTED;P-7-0
1394;12734;printing-1;198;PRINTING;ORDER_STATE_CHANGED;READY_TO_PRINT;PRINTED;P-7-1
1395;12735;assignment-2;375;ASSIGNMENT;ORDER_STATE_CHANGED;CREATED;WAITING_VALIDATION;P-7-0
1396;12735;assignment-1;376;ASSIGNMENT;ORDER_STATE_CHANGED;CREATED;WAITING_VALIDATION;P-7-1
1397;12797;validation-1;202;VALIDATION;ORDER_STATE_CHANGED;WAITING_VALIDATION;READY_TO_PRINT;P-0-13
1398;12797;validation-2;201;VALIDATION;ORDER_STATE_CHANGED;WAITING_VALIDATION;READY_TO_PRINT;P-7-3
1399;12828;quality-1;198;QUALITY_CONTROL;ORDER_STATE_CHANGED;PRINTED;APPROVED;
1400;12828;quality-2;197;QUALITY_CONTROL;ORDER_STATE_CHANGED;PRINTED;APPROVED;
1401;12859;printing-3;199;PRINTING;ORDER_STATE_CHANGED;READY_TO_PRINT;PRINTED;P-7-2
1402;12860;assignment-3;377;ASSIGNMENT;ORDER_STATE_CHANGED;CREATED;WAITING_VALIDATION;P-7-2
1403;12922;printing-1;200;PRINTING;ORDER_STATE_CHANGED;READY_TO_PRINT;PRINTED;P-2-7
1404;12922;validation-2;203;VALIDATION;ORDER_STATE_CHANGED;WAITING_VALIDATION;READY_TO_PRINT;P-2-10
1405;12922;validation-1;204;VALIDATION;ORDER_STATE_CHANGED;WAITING_VALIDATION;REJECTED;P-7-4
1406;12922;assignment-1;379;ASSIGNMENT;ORDER_STATE_CHANGED;CREATED;WAITING_VALIDATION;P-2-7
1407;12922;assignment-2;378;ASSIGNMENT;ORDER_STATE_CHANGED;CREATED;WAITING_VALIDATION;P-7-4
1408;12952;quality-1;199;QUALITY_CONTROL;ORDER_STATE_CHANGED;PRINTED;APPROVED;
1409;12982;printing-2;202;PRINTING;ORDER_STATE_CHANGED;READY_TO_PRINT;PRINTED;P-0-13
1410;12982;assignment-3;380;ASSIGNMENT;ORDER_STATE_CHANGED;CREATED;WAITING_VALIDATION;P-0-13
1411;13014;quality-2;200;QUALITY_CONTROL;ORDER_STATE_CHANGED;PRINTED;APPROVED;
1412;13045;validation-2;205;VALIDATION;ORDER_STATE_CHANGED;WAITING_VALIDATION;READY_TO_PRINT;P-7-5
1413;13045;printing-3;201;PRINTING;ORDER_STATE_CHANGED;READY_TO_PRINT;PRINTED;P-7-3
1414;13045;validation-1;206;VALIDATION;ORDER_STATE_CHANGED;WAITING_VALIDATION;READY_TO_PRINT;P-0-15
1415;13045;assignment-1;381;ASSIGNMENT;ORDER_STATE_CHANGED;CREATED;WAITING_VALIDATION;P-7-3
1416;13077;quality-1;202;QUALITY_CONTROL;ORDER_STATE_CHANGED;PRINTED;APPROVED;
1417;13108;printing-1;203;PRINTING;ORDER_STATE_CHANGED;READY_TO_PRINT;PRINTED;P-2-10
1418;13108;assignment-2;382;ASSIGNMENT;ORDER_STATE_CHANGED;CREATED;WAITING_VALIDATION;P-2-10
1419;13139;quality-2;201;QUALITY_CONTROL;ORDER_STATE_CHANGED;PRINTED;APPROVED;
1420;13171;validation-2;207;VALIDATION;ORDER_STATE_CHANGED;WAITING_VALIDATION;READY_TO_PRINT;P-7-6
1421;13171;validation-1;209;VALIDATION;ORDER_STATE_CHANGED;WAITING_VALIDATION;READY_TO_PRINT;P-2-8
1422;13203;quality-1;203;QUALITY_CONTROL;ORDER_STATE_CHANGED;PRINTED;APPROVED;
1423;13234;printing-3;206;PRINTING;ORDER_STATE_CHANGED;READY_TO_PRINT;PRINTED;P-0-15
1424;13235;printing-2;205;PRINTING;ORDER_STATE_CHANGED;READY_TO_PRINT;PRINTED;P-7-5
1425;13235;assignment-3;383;ASSIGNMENT;ORDER_STATE_CHANGED;CREATED;WAITING_VALIDATION;P-0-15
1426;13235;assignment-1;384;ASSIGNMENT;ORDER_STATE_CHANGED;CREATED;WAITING_VALIDATION;P-7-5
1427;13297;validation-1;210;VALIDATION;ORDER_STATE_CHANGED;WAITING_VALIDATION;READY_TO_PRINT;P-7-8
1428;13297;validation-2;208;VALIDATION;ORDER_STATE_CHANGED;WAITING_VALIDATION;REJECTED;P-7-7
1429;13297;assignment-2;385;ASSIGNMENT;ORDER_STATE_CHANGED;CREATED;WAITING_VALIDATION;P-7-7
1430;13328;quality-2;206;QUALITY_CONTROL;ORDER_STATE_CHANGED;PRINTED;APPROVED;
1431;13328;quality-1;205;QUALITY_CONTROL;ORDER_STATE_CHANGED;PRINTED;APPROVED;
1432;13359;printing-1;207;PRINTING;ORDER_STATE_CHANGED;READY_TO_PRINT;PRINTED;P-7-6
1433;13359;assignment-1;387;ASSIGNMENT;ORDER_STATE_CHANGED;CREATED;WAITING_VALIDATION;P-7-6
1434;13422;printing-3;209;PRINTING;ORDER_STATE_CHANGED;READY_TO_PRINT;PRINTED;P-2-8
1435;13422;validation-1;211;VALIDATION;ORDER_STATE_CHANGED;WAITING_VALIDATION;READY_TO_PRINT;P-2-9
1436;13422;validation-2;212;VALIDATION;ORDER_STATE_CHANGED;WAITING_VALIDATION;READY_TO_PRINT;P-7-9
1437;13422;assignment-3;386;ASSIGNMENT;ORDER_STATE_CHANGED;CREATED;WAITING_VALIDATION;P-2-8
1438;13454;quality-2;207;QUALITY_CONTROL;ORDER_STATE_CHANGED;PRINTED;APPROVED;
1439;13484;printing-2;210;PRINTING;ORDER_STATE_CHANGED;READY_TO_PRINT;PRINT_FAILED;P-7-8
1440;13514;quality-1;209;QUALITY_CONTROL;ORDER_STATE_CHANGED;PRINTED;APPROVED;
1441;13546;validation-1;213;VALIDATION;ORDER_STATE_CHANGED;WAITING_VALIDATION;READY_TO_PRINT;P-7-10
1442;13546;validation-2;214;VALIDATION;ORDER_STATE_CHANGED;WAITING_VALIDATION;REJECTED;P-7-11
1443;13546;assignment-2;388;ASSIGNMENT;ORDER_STATE_CHANGED;CREATED;WAITING_VALIDATION;P-7-11
1444;13609;printing-1;211;PRINTING;ORDER_STATE_CHANGED;READY_TO_PRINT;PRINTED;P-2-9
1445;13609;printing-3;212;PRINTING;ORDER_STATE_CHANGED;READY_TO_PRINT;PRINT_FAILED;P-7-9
1446;13609;assignment-1;389;ASSIGNMENT;ORDER_STATE_CHANGED;CREATED;WAITING_VALIDATION;P-2-9
1447;13670;validation-1;215;VALIDATION;ORDER_STATE_CHANGED;WAITING_VALIDATION;REJECTED;P-7-12
1448;13670;validation-2;216;VALIDATION;ORDER_STATE_CHANGED;WAITING_VALIDATION;READY_TO_PRINT;P-7-13
1449;13670;assignment-3;390;ASSIGNMENT;ORDER_STATE_CHANGED;CREATED;WAITING_VALIDATION;P-7-12
1450;13702;quality-2;211;QUALITY_CONTROL;ORDER_STATE_CHANGED;PRINTED;APPROVED;
1451;13733;printing-2;213;PRINTING;ORDER_STATE_CHANGED;READY_TO_PRINT;PRINT_FAILED;P-7-10
1452;13796;validation-2;218;VALIDATION;ORDER_STATE_CHANGED;WAITING_VALIDATION;READY_TO_PRINT;P-2-11
1453;13796;validation-1;217;VALIDATION;ORDER_STATE_CHANGED;WAITING_VALIDATION;READY_TO_PRINT;P-2-12
1454;13858;printing-1;216;PRINTING;ORDER_STATE_CHANGED;READY_TO_PRINT;PRINTED;P-7-13
1455;13858;assignment-2;391;ASSIGNMENT;ORDER_STATE_CHANGED;CREATED;WAITING_VALIDATION;P-7-13
1456;13920;validation-1;219;VALIDATION;ORDER_STATE_CHANGED;WAITING_VALIDATION;REJECTED;P-7-14
1457;13920;validation-2;220;VALIDATION;ORDER_STATE_CHANGED;WAITING_VALIDATION;READY_TO_PRINT;P-7-15
1458;13920;assignment-1;392;ASSIGNMENT;ORDER_STATE_CHANGED;CREATED;WAITING_VALIDATION;P-7-14
1459;13952;quality-1;216;QUALITY_CONTROL;ORDER_STATE_CHANGED;PRINTED;APPROVED;
1460;13984;printing-3;218;PRINTING;ORDER_STATE_CHANGED;READY_TO_PRINT;PRINTED;P-2-11
1461;13984;printing-2;217;PRINTING;ORDER_STATE_CHANGED;READY_TO_PRINT;PRINTED;P-2-12
1462;13984;assignment-3;393;ASSIGNMENT;ORDER_STATE_CHANGED;CREATED;WAITING_VALIDATION;P-2-11
1463;13984;assignment-2;394;ASSIGNMENT;ORDER_STATE_CHANGED;CREATED;WAITING_VALIDATION;P-2-12
1464;14046;validation-2;221;VALIDATION;ORDER_STATE_CHANGED;WAITING_VALIDATION;READY_TO_PRINT;P-7-16
1465;14046;validation-1;222;VALIDATION;ORDER_STATE_CHANGED;WAITING_VALIDATION;READY_TO_PRINT;P-7-17
1466;14077;quality-2;218;QUALITY_CONTROL;ORDER_STATE_CHANGED;PRINTED;APPROVED;
1467;14077;quality-1;217;QUALITY_CONTROL;ORDER_STATE_CHANGED;PRINTED;APPROVED;
1468;14109;printing-1;220;PRINTING;ORDER_STATE_CHANGED;READY_TO_PRINT;PRINTED;P-7-15
1469;14109;assignment-1;395;ASSIGNMENT;ORDER_STATE_CHANGED;CREATED;WAITING_VALIDATION;P-7-15
1470;14171;validation-1;224;VALIDATION;ORDER_STATE_CHANGED;WAITING_VALIDATION;READY_TO_PRINT;P-7-18
1471;14171;validation-2;223;VALIDATION;ORDER_STATE_CHANGED;WAITING_VALIDATION;REJECTED;P-2-13
1472;14172;assignment-2;397;ASSIGNMENT;ORDER_STATE_CHANGED;CREATED;WAITING_VALIDATION;P-2-13
1473;14204;quality-2;220;QUALITY_CONTROL;ORDER_STATE_CHANGED;PRINTED;APPROVED;
1474;14235;printing-2;222;PRINTING;ORDER_STATE_CHANGED;READY_TO_PRINT;PRINTED;P-7-17
1475;14235;printing-3;221;PRINTING;ORDER_STATE_CHANGED;READY_TO_PRINT;PRINTED;P-7-16
1476;14235;assignment-3;396;ASSIGNMENT;ORDER_STATE_CHANGED;CREATED;WAITING_VALIDATION;P-7-16
1477;14235;assignment-1;398;ASSIGNMENT;ORDER_STATE_CHANGED;CREATED;WAITING_VALIDATION;P-7-17
1478;14298;validation-1;225;VALIDATION;ORDER_STATE_CHANGED;WAITING_VALIDATION;READY_TO_PRINT;P-7-19
1479;14298;validation-2;226;VALIDATION;ORDER_STATE_CHANGED;WAITING_VALIDATION;READY_TO_PRINT;P-0-17
1480;14329;quality-2;221;QUALITY_CONTROL;ORDER_STATE_CHANGED;PRINTED;APPROVED;
1481;14329;quality-1;222;QUALITY_CONTROL;ORDER_STATE_CHANGED;PRINTED;APPROVED;
1482;14360;printing-1;224;PRINTING;ORDER_STATE_CHANGED;READY_TO_PRINT;PRINTED;P-7-18
1483;14360;assignment-2;399;ASSIGNMENT;ORDER_STATE_CHANGED;CREATED;WAITING_VALIDATION;P-7-18
1484;14422;validation-1;227;VALIDATION;ORDER_STATE_CHANGED;WAITING_VALIDATION;READY_TO_PRINT;P-8-0
1485;14422;validation-2;228;VALIDATION;ORDER_STATE_CHANGED;WAITING_VALIDATION;READY_TO_PRINT;P-8-1
1486;14454;quality-2;224;QUALITY_CONTROL;ORDER_STATE_CHANGED;PRINTED;APPROVED;
1487;14484;printing-3;226;PRINTING;ORDER_STATE_CHANGED;READY_TO_PRINT;PRINTED;P-0-17
1488;14484;printing-2;225;PRINTING;ORDER_STATE_CHANGED;READY_TO_PRINT;PRINTED;P-7-19
1489;14484;assignment-3;400;ASSIGNMENT;ORDER_STATE_CHANGED;CREATED;WAITING_VALIDATION;P-0-17
1490;14484;assignment-1;401;ASSIGNMENT;ORDER_STATE_CHANGED;CREATED;WAITING_VALIDATION;P-7-19
1491;14546;validation-2;230;VALIDATION;ORDER_STATE_CHANGED;WAITING_VALIDATION;READY_TO_PRINT;P-8-2
1492;14546;validation-1;229;VALIDATION;ORDER_STATE_CHANGED;WAITING_VALIDATION;READY_TO_PRINT;P-2-15
1493;14577;quality-1;226;QUALITY_CONTROL;ORDER_STATE_CHANGED;PRINTED;APPROVED;
1494;14577;quality-2;225;QUALITY_CONTROL;ORDER_STATE_CHANGED;PRINTED;APPROVED;
1495;14608;printing-1;227;PRINTING;ORDER_STATE_CHANGED;READY_TO_PRINT;PRINTED;P-8-0
1496;14608;assignment-2;402;ASSIGNMENT;ORDER_STATE_CHANGED;CREATED;WAITING_VALIDATION;P-8-0
1497;14671;validation-2;231;VALIDATION;ORDER_STATE_CHANGED;WAITING_VALIDATION;REJECTED;P-8-3
1498;14671;validation-1;232;VALIDATION;ORDER_STATE_CHANGED;WAITING_VALIDATION;READY_TO_PRINT;P-0-2
1499;14671;printing-3;228;PRINTING;ORDER_STATE_CHANGED;READY_TO_PRINT;PRINTED;P-8-1
1500;14671;assignment-1;404;ASSIGNMENT;ORDER_STATE_CHANGED;CREATED;WAITING_VALIDATION;P-8-1
1501;14671;assignment-3;403;ASSIGNMENT;ORDER_STATE_CHANGED;CREATED;WAITING_VALIDATION;P-8-3
1502;14702;quality-1;227;QUALITY_CONTROL;ORDER_STATE_CHANGED;PRINTED;APPROVED;
1503;14734;printing-2;230;PRINTING;ORDER_STATE_CHANGED;READY_TO_PRINT;PRINTED;P-8-2
1504;14734;assignment-2;405;ASSIGNMENT;ORDER_STATE_CHANGED;CREATED;WAITING_VALIDATION;P-8-2
1505;14766;quality-2;228;QUALITY_CONTROL;ORDER_STATE_CHANGED;PRINTED;APPROVED;
1506;14797;validation-2;234;VALIDATION;ORDER_STATE_CHANGED;WAITING_VALIDATION;REJECTED;P-8-4
1507;14797;printing-1;229;PRINTING;ORDER_STATE_CHANGED;READY_TO_PRINT;PRINTED;P-2-15
1508;14797;validation-1;233;VALIDATION;ORDER_STATE_CHANGED;WAITING_VALIDATION;READY_TO_PRINT;P-2-17
1509;14797;assignment-3;406;ASSIGNMENT;ORDER_STATE_CHANGED;CREATED;WAITING_VALIDATION;P-2-15
1510;14797;assignment-1;407;ASSIGNMENT;ORDER_STATE_CHANGED;CREATED;WAITING_VALIDATION;P-8-4
1511;14828;quality-1;230;QUALITY_CONTROL;ORDER_STATE_CHANGED;PRINTED;APPROVED;
1512;14860;printing-3;232;PRINTING;ORDER_STATE_CHANGED;READY_TO_PRINT;PRINTED;P-0-2
1513;14860;assignment-2;408;ASSIGNMENT;ORDER_STATE_CHANGED;CREATED;WAITING_VALIDATION;P-0-2
1514;14891;quality-2;229;QUALITY_CONTROL;ORDER_STATE_CHANGED;PRINTED;DEFECTIVE;
1515;14922;validation-1;235;VALIDATION;ORDER_STATE_CHANGED;WAITING_VALIDATION;REJECTED;P-8-5
1516;14922;validation-2;236;VALIDATION;ORDER_STATE_CHANGED;WAITING_VALIDATION;READY_TO_PRINT;P-0-1
1517;14922;assignment-1;410;ASSIGNMENT;ORDER_STATE_CHANGED;CREATED;WAITING_VALIDATION;P-8-5
1518;14954;quality-1;232;QUALITY_CONTROL;ORDER_STATE_CHANGED;PRINTED;APPROVED;
1519;14986;printing-2;233;PRINTING;ORDER_STATE_CHANGED;READY_TO_PRINT;PRINTED;P-2-17
1520;14986;assignment-3;409;ASSIGNMENT;ORDER_STATE_CHANGED;CREATED;WAITING_VALIDATION;P-2-17
1521;15048;validation-1;239;VALIDATION;ORDER_STATE_CHANGED;WAITING_VALIDATION;READY_TO_PRINT;P-2-16
1522;15048;validation-2;237;VALIDATION;ORDER_STATE_CHANGED;WAITING_VALIDATION;READY_TO_PRINT;P-8-6
1523;15079;quality-2;233;QUALITY_CONTROL;ORDER_STATE_CHANGED;PRINTED;APPROVED;
1524;15110;printing-1;236;PRINTING;ORDER_STATE_CHANGED;READY_TO_PRINT;PRINTED;P-0-1
1525;15110;assignment-2;411;ASSIGNMENT;ORDER_STATE_CHANGED;CREATED;WAITING_VALIDATION;P-0-1
1526;15174;validation-1;240;VALIDATION;ORDER_STATE_CHANGED;WAITING_VALIDATION;READY_TO_PRINT;P-8-8
1527;15174;validation-2;238;VALIDATION;ORDER_STATE_CHANGED;WAITING_VALIDATION;READY_TO_PRINT;P-8-7
1528;15207;quality-1;236;QUALITY_CONTROL;ORDER_STATE_CHANGED;PRINTED;APPROVED;
1529;15237;printing-2;237;PRINTING;ORDER_STATE_CHANGED;READY_TO_PRINT;PRINTED;P-8-6
1530;15237;printing-3;239;PRINTING;ORDER_STATE_CHANGED;READY_TO_PRINT;PRINTED;P-2-16
1531;15237;assignment-1;412;ASSIGNMENT;ORDER_STATE_CHANGED;CREATED;WAITING_VALIDATION;P-8-6
1532;15237;assignment-3;413;ASSIGNMENT;ORDER_STATE_CHANGED;CREATED;WAITING_VALIDATION;P-2-16
1533;15300;validation-1;241;VALIDATION;ORDER_STATE_CHANGED;WAITING_VALIDATION;READY_TO_PRINT;P-8-9
1534;15300;validation-2;242;VALIDATION;ORDER_STATE_CHANGED;WAITING_VALIDATION;READY_TO_PRINT;P-8-10
1535;15331;quality-2;237;QUALITY_CONTROL;ORDER_STATE_CHANGED;PRINTED;APPROVED;
1536;15331;quality-1;239;QUALITY_CONTROL;ORDER_STATE_CHANGED;PRINTED;DEFECTIVE;
1537;15363;printing-1;240;PRINTING;ORDER_STATE_CHANGED;READY_TO_PRINT;PRINTED;P-8-8
1538;15363;assignment-2;414;ASSIGNMENT;ORDER_STATE_CHANGED;CREATED;WAITING_VALIDATION;P-8-8
1539;15425;validation-1;243;VALIDATION;ORDER_STATE_CHANGED;WAITING_VALIDATION;READY_TO_PRINT;P-8-11
1540;15425;printing-2;238;PRINTING;ORDER_STATE_CHANGED;READY_TO_PRINT;PRINTED;P-8-7
1541;15425;validation-2;244;VALIDATION;ORDER_STATE_CHANGED;WAITING_VALIDATION;READY_TO_PRINT;P-8-13
1542;15425;assignment-3;416;ASSIGNMENT;ORDER_STATE_CHANGED;CREATED;WAITING_VALIDATION;P-8-7
1543;15457;quality-2;240;QUALITY_CONTROL;ORDER_STATE_CHANGED;PRINTED;APPROVED;
1544;15488;printing-3;241;PRINTING;ORDER_STATE_CHANGED;READY_TO_PRINT;PRINTED;P-8-9
1545;15489;assignment-1;415;ASSIGNMENT;ORDER_STATE_CHANGED;CREATED;WAITING_VALIDATION;P-8-9
1546;15505;quality-1;238;QUALITY_CONTROL;ORDER_STATE_CHANGED;PRINTED;APPROVED;
1547;15552;validation-1;245;VALIDATION;ORDER_STATE_CHANGED;WAITING_VALIDATION;READY_TO_PRINT;P-8-12
1548;15552;printing-1;242;PRINTING;ORDER_STATE_CHANGED;READY_TO_PRINT;PRINTED;P-8-10
1549;15552;validation-2;246;VALIDATION;ORDER_STATE_CHANGED;WAITING_VALIDATION;READY_TO_PRINT;P-8-14
1550;15552;assignment-2;417;ASSIGNMENT;ORDER_STATE_CHANGED;CREATED;WAITING_VALIDATION;P-8-10
1551;15584;quality-2;241;QUALITY_CONTROL;ORDER_STATE_CHANGED;PRINTED;APPROVED;
1552;15615;printing-2;243;PRINTING;ORDER_STATE_CHANGED;READY_TO_PRINT;PRINTED;P-8-11
1553;15615;assignment-3;418;ASSIGNMENT;ORDER_STATE_CHANGED;CREATED;WAITING_VALIDATION;P-8-11
1554;15646;quality-1;242;QUALITY_CONTROL;ORDER_STATE_CHANGED;PRINTED;DEFECTIVE;
1555;15677;validation-2;247;VALIDATION;ORDER_STATE_CHANGED;WAITING_VALIDATION;READY_TO_PRINT;P-2-19
1556;15677;printing-3;244;PRINTING;ORDER_STATE_CHANGED;READY_TO_PRINT;PRINT_FAILED;P-8-13
1557;15677;validation-1;248;VALIDATION;ORDER_STATE_CHANGED;WAITING_VALIDATION;READY_TO_PRINT;P-2-18
1558;15707;quality-2;243;QUALITY_CONTROL;ORDER_STATE_CHANGED;PRINTED;APPROVED;
1559;15739;printing-1;245;PRINTING;ORDER_STATE_CHANGED;READY_TO_PRINT;PRINTED;P-8-12
1560;15739;assignment-1;419;ASSIGNMENT;ORDER_STATE_CHANGED;CREATED;WAITING_VALIDATION;P-8-12
1561;15802;validation-1;251;VALIDATION;ORDER_STATE_CHANGED;WAITING_VALIDATION;READY_TO_PRINT;P-0-18
1562;15802;validation-2;249;VALIDATION;ORDER_STATE_CHANGED;WAITING_VALIDATION;REJECTED;P-8-15
1563;15802;printing-2;246;PRINTING;ORDER_STATE_CHANGED;READY_TO_PRINT;PRINTED;P-8-14
1564;15802;assignment-2;420;ASSIGNMENT;ORDER_STATE_CHANGED;CREATED;WAITING_VALIDATION;P-8-14
1565;15802;assignment-3;421;ASSIGNMENT;ORDER_STATE_CHANGED;CREATED;WAITING_VALIDATION;P-8-15
1566;15834;quality-1;245;QUALITY_CONTROL;ORDER_STATE_CHANGED;PRINTED;APPROVED;
1567;15865;printing-3;247;PRINTING;ORDER_STATE_CHANGED;READY_TO_PRINT;PRINTED;P-2-19
1568;15865;assignment-1;422;ASSIGNMENT;ORDER_STATE_CHANGED;CREATED;WAITING_VALIDATION;P-2-19
1569;15895;quality-2;246;QUALITY_CONTROL;ORDER_STATE_CHANGED;PRINTED;APPROVED;
1570;15927;printing-1;248;PRINTING;ORDER_STATE_CHANGED;READY_TO_PRINT;PRINTED;P-2-18
1571;15928;validation-1;250;VALIDATION;ORDER_STATE_CHANGED;WAITING_VALIDATION;READY_TO_PRINT;P-8-16
1572;15928;assignment-3;424;ASSIGNMENT;ORDER_STATE_CHANGED;CREATED;WAITING_VALIDATION;P-2-18
1573;15928;validation-2;252;VALIDATION;ORDER_STATE_CHANGED;WAITING_VALIDATION;READY_TO_PRINT;P-8-17
1574;15960;quality-1;247;QUALITY_CONTROL;ORDER_STATE_CHANGED;PRINTED;APPROVED;
1575;15991;printing-2;251;PRINTING;ORDER_STATE_CHANGED;READY_TO_PRINT;PRINTED;P-0-18
1576;15991;assignment-2;423;ASSIGNMENT;ORDER_STATE_CHANGED;CREATED;WAITING_VALIDATION;P-0-18
1577;16021;quality-2;248;QUALITY_CONTROL;ORDER_STATE_CHANGED;PRINTED;APPROVED;
1578;16052;validation-2;254;VALIDATION;ORDER_STATE_CHANGED;WAITING_VALIDATION;READY_TO_PRINT;P-8-18
1579;16052;validation-1;253;VALIDATION;ORDER_STATE_CHANGED;WAITING_VALIDATION;READY_TO_PRINT;P-3-0
1580;16084;quality-1;251;QUALITY_CONTROL;ORDER_STATE_CHANGED;PRINTED;APPROVED;
1581;16115;printing-1;252;PRINTING;ORDER_STATE_CHANGED;READY_TO_PRINT;PRINTED;P-8-17
1582;16115;printing-3;250;PRINTING;ORDER_STATE_CHANGED;READY_TO_PRINT;PRINTED;P-8-16
1583;16115;assignment-1;425;ASSIGNMENT;ORDER_STATE_CHANGED;CREATED;WAITING_VALIDATION;P-8-16
1584;16115;assignment-3;426;ASSIGNMENT;ORDER_STATE_CHANGED;CREATED;WAITING_VALIDATION;P-8-17
1585;16177;validation-2;255;VALIDATION;ORDER_STATE_CHANGED;WAITING_VALIDATION;READY_TO_PRINT;P-8-19
1586;16177;validation-1;257;VALIDATION;ORDER_STATE_CHANGED;WAITING_VALIDATION;READY_TO_PRINT;P-9-0
1587;16209;quality-2;252;QUALITY_CONTROL;ORDER_STATE_CHANGED;PRINTED;APPROVED;
1588;16209;quality-1;250;QUALITY_CONTROL;ORDER_STATE_CHANGED;PRINTED;APPROVED;
1589;16240;printing-2;254;PRINTING;ORDER_STATE_CHANGED;READY_TO_PRINT;PRINTED;P-8-18
1590;16240;assignment-2;427;ASSIGNMENT;ORDER_STATE_CHANGED;CREATED;WAITING_VALIDATION;P-8-18
1591;16302;validation-2;258;VALIDATION;ORDER_STATE_CHANGED;WAITING_VALIDATION;READY_TO_PRINT;P-9-1
1592;16302;printing-1;253;PRINTING;ORDER_STATE_CHANGED;READY_TO_PRINT;PRINTED;P-3-0
1593;16302;validation-1;256;VALIDATION;ORDER_STATE_CHANGED;WAITING_VALIDATION;READY_TO_PRINT;P-0-5
1594;16302;assignment-1;428;ASSIGNMENT;ORDER_STATE_CHANGED;CREATED;WAITING_VALIDATION;P-3-0
1595;16333;quality-2;254;QUALITY_CONTROL;ORDER_STATE_CHANGED;PRINTED;APPROVED;
1596;16365;printing-3;255;PRINTING;ORDER_STATE_CHANGED;READY_TO_PRINT;PRINTED;P-8-19
1597;16365;assignment-3;429;ASSIGNMENT;ORDER_STATE_CHANGED;CREATED;WAITING_VALIDATION;P-8-19
1598;16397;quality-1;253;QUALITY_CONTROL;ORDER_STATE_CHANGED;PRINTED;APPROVED;
1599;16428;printing-2;257;PRINTING;ORDER_STATE_CHANGED;READY_TO_PRINT;PRINTED;P-9-0
1600;16428;validation-1;260;VALIDATION;ORDER_STATE_CHANGED;WAITING_VALIDATION;READY_TO_PRINT;P-9-2
1601;16428;validation-2;259;VALIDATION;ORDER_STATE_CHANGED;WAITING_VALIDATION;READY_TO_PRINT;P-3-1
1602;16429;assignment-2;430;ASSIGNMENT;ORDER_STATE_CHANGED;CREATED;WAITING_VALIDATION;P-9-0
1603;16460;quality-2;255;QUALITY_CONTROL;ORDER_STATE_CHANGED;PRINTED;APPROVED;
1604;16490;printing-1;258;PRINTING;ORDER_STATE_CHANGED;READY_TO_PRINT;PRINTED;P-9-1
1605;16491;assignment-1;431;ASSIGNMENT;ORDER_STATE_CHANGED;CREATED;WAITING_VALIDATION;P-9-1
1606;16521;quality-1;257;QUALITY_CONTROL;ORDER_STATE_CHANGED;PRINTED;APPROVED;
1607;16552;validation-2;262;VALIDATION;ORDER_STATE_CHANGED;WAITING_VALIDATION;READY_TO_PRINT;P-9-4
1608;16552;validation-1;261;VALIDATION;ORDER_STATE_CHANGED;WAITING_VALIDATION;READY_TO_PRINT;P-9-3
1609;16552;printing-3;256;PRINTING;ORDER_STATE_CHANGED;READY_TO_PRINT;PRINTED;P-0-5
1610;16552;assignment-3;432;ASSIGNMENT;ORDER_STATE_CHANGED;CREATED;WAITING_VALIDATION;P-0-5
1611;16583;quality-2;258;QUALITY_CONTROL;ORDER_STATE_CHANGED;PRINTED;APPROVED;
1612;16613;printing-2;260;PRINTING;ORDER_STATE_CHANGED;READY_TO_PRINT;PRINTED;P-9-2
1613;16614;assignment-2;433;ASSIGNMENT;ORDER_STATE_CHANGED;CREATED;WAITING_VALIDATION;P-9-2
1614;16644;quality-1;256;QUALITY_CONTROL;ORDER_STATE_CHANGED;PRINTED;APPROVED;
1615;16675;validation-1;264;VALIDATION;ORDER_STATE_CHANGED;WAITING_VALIDATION;READY_TO_PRINT;P-9-6
1616;16675;validation-2;263;VALIDATION;ORDER_STATE_CHANGED;WAITING_VALIDATION;REJECTED;P-9-5
1617;16675;printing-1;259;PRINTING;ORDER_STATE_CHANGED;READY_TO_PRINT;PRINTED;P-3-1
1618;16676;assignment-1;434;ASSIGNMENT;ORDER_STATE_CHANGED;CREATED;WAITING_VALIDATION;P-3-1
1619;16676;assignment-3;435;ASSIGNMENT;ORDER_STATE_CHANGED;CREATED;WAITING_VALIDATION;P-9-5
1620;16707;quality-2;260;QUALITY_CONTROL;ORDER_STATE_CHANGED;PRINTED;APPROVED;
1621;16738;printing-3;262;PRINTING;ORDER_STATE_CHANGED;READY_TO_PRINT;PRINTED;P-9-4
1622;16739;assignment-2;436;ASSIGNMENT;ORDER_STATE_CHANGED;CREATED;WAITING_VALIDATION;P-9-4
1623;16771;quality-1;259;QUALITY_CONTROL;ORDER_STATE_CHANGED;PRINTED;APPROVED;
1624;16802;validation-2;266;VALIDATION;ORDER_STATE_CHANGED;WAITING_VALIDATION;READY_TO_PRINT;P-3-3
1625;16802;printing-2;261;PRINTING;ORDER_STATE_CHANGED;READY_TO_PRINT;PRINTED;P-9-3
1626;16802;validation-1;265;VALIDATION;ORDER_STATE_CHANGED;WAITING_VALIDATION;REJECTED;P-3-2
1627;16802;assignment-3;438;ASSIGNMENT;ORDER_STATE_CHANGED;CREATED;WAITING_VALIDATION;P-3-2
1628;16802;assignment-1;437;ASSIGNMENT;ORDER_STATE_CHANGED;CREATED;WAITING_VALIDATION;P-9-3
1629;16833;quality-2;262;QUALITY_CONTROL;ORDER_STATE_CHANGED;PRINTED;APPROVED;
1630;16864;printing-1;264;PRINTING;ORDER_STATE_CHANGED;READY_TO_PRINT;PRINTED;P-9-6
1631;16864;assignment-2;439;ASSIGNMENT;ORDER_STATE_CHANGED;CREATED;WAITING_VALIDATION;P-9-6
1632;16895;quality-1;261;QUALITY_CONTROL;ORDER_STATE_CHANGED;PRINTED;APPROVED;
1633;16926;validation-1;269;VALIDATION;ORDER_STATE_CHANGED;WAITING_VALIDATION;REJECTED;P-1-0
1634;16926;validation-2;267;VALIDATION;ORDER_STATE_CHANGED;WAITING_VALIDATION;READY_TO_PRINT;P-9-7
1635;16926;assignment-3;440;ASSIGNMENT;ORDER_STATE_CHANGED;CREATED;WAITING_VALIDATION;P-1-0
1636;16957;quality-2;264;QUALITY_CONTROL;ORDER_STATE_CHANGED;PRINTED;APPROVED;
1637;16989;printing-3;266;PRINTING;ORDER_STATE_CHANGED;READY_TO_PRINT;PRINTED;P-3-3
1638;16989;assignment-1;441;ASSIGNMENT;ORDER_STATE_CHANGED;CREATED;WAITING_VALIDATION;P-3-3
1639;17051;validation-1;270;VALIDATION;ORDER_STATE_CHANGED;WAITING_VALIDATION;READY_TO_PRINT;P-9-9
1640;17051;validation-2;268;VALIDATION;ORDER_STATE_CHANGED;WAITING_VALIDATION;READY_TO_PRINT;P-9-8
1641;17081;quality-1;266;QUALITY_CONTROL;ORDER_STATE_CHANGED;PRINTED;APPROVED;
1642;17112;printing-2;267;PRINTING;ORDER_STATE_CHANGED;READY_TO_PRINT;PRINTED;P-9-7
1643;17113;assignment-2;442;ASSIGNMENT;ORDER_STATE_CHANGED;CREATED;WAITING_VALIDATION;P-9-7
1644;17175;validation-2;271;VALIDATION;ORDER_STATE_CHANGED;WAITING_VALIDATION;READY_TO_PRINT;P-0-19
1645;17175;validation-1;272;VALIDATION;ORDER_STATE_CHANGED;WAITING_VALIDATION;READY_TO_PRINT;P-9-10
1646;17205;quality-2;267;QUALITY_CONTROL;ORDER_STATE_CHANGED;PRINTED;APPROVED;
1647;17236;printing-3;268;PRINTING;ORDER_STATE_CHANGED;READY_TO_PRINT;PRINT_FAILED;P-9-8
1648;17236;printing-1;270;PRINTING;ORDER_STATE_CHANGED;READY_TO_PRINT;PRINT_FAILED;P-9-9
1649;17299;validation-1;273;VALIDATION;ORDER_STATE_CHANGED;WAITING_VALIDATION;READY_TO_PRINT;P-9-11
1650;17299;validation-2;275;VALIDATION;ORDER_STATE_CHANGED;WAITING_VALIDATION;REJECTED;P-3-4
1651;17299;assignment-3;443;ASSIGNMENT;ORDER_STATE_CHANGED;CREATED;WAITING_VALIDATION;P-3-4
1652;17361;printing-2;271;PRINTING;ORDER_STATE_CHANGED;READY_TO_PRINT;PRINTED;P-0-19
1653;17361;assignment-1;444;ASSIGNMENT;ORDER_STATE_CHANGED;CREATED;WAITING_VALIDATION;P-0-19
1654;17423;validation-1;274;VALIDATION;ORDER_STATE_CHANGED;WAITING_VALIDATION;READY_TO_PRINT;P-9-12
1655;17423;printing-3;272;PRINTING;ORDER_STATE_CHANGED;READY_TO_PRINT;PRINTED;P-9-10
1656;17423;validation-2;276;VALIDATION;ORDER_STATE_CHANGED;WAITING_VALIDATION;READY_TO_PRINT;P-9-13
1657;17424;assignment-2;445;ASSIGNMENT;ORDER_STATE_CHANGED;CREATED;WAITING_VALIDATION;P-9-10
1658;17456;quality-1;271;QUALITY_CONTROL;ORDER_STATE_CHANGED;PRINTED;APPROVED;
1659;17487;printing-1;273;PRINTING;ORDER_STATE_CHANGED;READY_TO_PRINT;PRINTED;P-9-11
1660;17487;assignment-3;446;ASSIGNMENT;ORDER_STATE_CHANGED;CREATED;WAITING_VALIDATION;P-9-11
1661;17517;quality-2;272;QUALITY_CONTROL;ORDER_STATE_CHANGED;PRINTED;APPROVED;
1662;17549;validation-1;277;VALIDATION;ORDER_STATE_CHANGED;WAITING_VALIDATION;REJECTED;P-3-5
1663;17549;validation-2;278;VALIDATION;ORDER_STATE_CHANGED;WAITING_VALIDATION;READY_TO_PRINT;P-9-14
1664;17549;assignment-1;447;ASSIGNMENT;ORDER_STATE_CHANGED;CREATED;WAITING_VALIDATION;P-3-5
1665;17580;quality-1;273;QUALITY_CONTROL;ORDER_STATE_CHANGED;PRINTED;DEFECTIVE;
1666;17611;printing-3;276;PRINTING;ORDER_STATE_CHANGED;READY_TO_PRINT;PRINTED;P-9-13
1667;17611;printing-2;274;PRINTING;ORDER_STATE_CHANGED;READY_TO_PRINT;PRINTED;P-9-12
1668;17611;assignment-2;448;ASSIGNMENT;ORDER_STATE_CHANGED;CREATED;WAITING_VALIDATION;P-9-12
1669;17611;assignment-3;449;ASSIGNMENT;ORDER_STATE_CHANGED;CREATED;WAITING_VALIDATION;P-9-13
1670;17674;validation-2;279;VALIDATION;ORDER_STATE_CHANGED;WAITING_VALIDATION;READY_TO_PRINT;P-9-15
1671;17674;validation-1;280;VALIDATION;ORDER_STATE_CHANGED;WAITING_VALIDATION;READY_TO_PRINT;P-9-16
1672;17706;quality-1;274;QUALITY_CONTROL;ORDER_STATE_CHANGED;PRINTED;APPROVED;
1673;17706;quality-2;276;QUALITY_CONTROL;ORDER_STATE_CHANGED;PRINTED;APPROVED;
1674;17737;printing-1;278;PRINTING;ORDER_STATE_CHANGED;READY_TO_PRINT;PRINTED;P-9-14
1675;17737;assignment-1;450;ASSIGNMENT;ORDER_STATE_CHANGED;CREATED;WAITING_VALIDATION;P-9-14
1676;17800;validation-1;281;VALIDATION;ORDER_STATE_CHANGED;WAITING_VALIDATION;READY_TO_PRINT;P-9-17
1677;17800;validation-2;282;VALIDATION;ORDER_STATE_CHANGED;WAITING_VALIDATION;READY_TO_PRINT;P-9-18
1678;17831;quality-1;278;QUALITY_CONTROL;ORDER_STATE_CHANGED;PRINTED;APPROVED;
1679;17863;printing-3;280;PRINTING;ORDER_STATE_CHANGED;READY_TO_PRINT;PRINTED;P-9-16
1680;17863;printing-2;279;PRINTING;ORDER_STATE_CHANGED;READY_TO_PRINT;PRINTED;P-9-15
1681;17864;assignment-2;451;ASSIGNMENT;ORDER_STATE_CHANGED;CREATED;WAITING_VALIDATION;P-9-15
1682;17864;assignment-3;452;ASSIGNMENT;ORDER_STATE_CHANGED;CREATED;WAITING_VALIDATION;P-9-16
1683;17926;validation-1;284;VALIDATION;ORDER_STATE_CHANGED;WAITING_VALIDATION;READY_TO_PRINT;P-3-6
1684;17926;validation-2;283;VALIDATION;ORDER_STATE_CHANGED;WAITING_VALIDATION;READY_TO_PRINT;P-3-7
1685;17957;quality-1;279;QUALITY_CONTROL;ORDER_STATE_CHANGED;PRINTED;APPROVED;
1686;17957;quality-2;280;QUALITY_CONTROL;ORDER_STATE_CHANGED;PRINTED;APPROVED;
1687;17989;printing-1;281;PRINTING;ORDER_STATE_CHANGED;READY_TO_PRINT;PRINTED;P-9-17
1688;17989;assignment-1;453;ASSIGNMENT;ORDER_STATE_CHANGED;CREATED;WAITING_VALIDATION;P-9-17
1689;18051;validation-1;287;VALIDATION;ORDER_STATE_CHANGED;WAITING_VALIDATION;READY_TO_PRINT;P-3-8
1690;18051;validation-2;285;VALIDATION;ORDER_STATE_CHANGED;WAITING_VALIDATION;READY_TO_PRINT;P-9-19
1691;18051;printing-3;282;PRINTING;ORDER_STATE_CHANGED;READY_TO_PRINT;PRINT_FAILED;P-9-18
1692;18081;quality-1;281;QUALITY_CONTROL;ORDER_STATE_CHANGED;PRINTED;APPROVED;
1693;18111;printing-2;284;PRINTING;ORDER_STATE_CHANGED;READY_TO_PRINT;PRINTED;P-3-6
1694;18111;assignment-2;454;ASSIGNMENT;ORDER_STATE_CHANGED;CREATED;WAITING_VALIDATION;P-3-6
1695;18173;validation-2;288;VALIDATION;ORDER_STATE_CHANGED;WAITING_VALIDATION;READY_TO_PRINT;P-3-10
1696;18173;printing-1;283;PRINTING;ORDER_STATE_CHANGED;READY_TO_PRINT;PRINT_FAILED;P-3-7
1697;18173;validation-1;286;VALIDATION;ORDER_STATE_CHANGED;WAITING_VALIDATION;READY_TO_PRINT;P-0-3
1698;18203;quality-2;284;QUALITY_CONTROL;ORDER_STATE_CHANGED;PRINTED;APPROVED;
1699;18235;printing-3;287;PRINTING;ORDER_STATE_CHANGED;READY_TO_PRINT;PRINTED;P-3-8
1700;18235;assignment-3;455;ASSIGNMENT;ORDER_STATE_CHANGED;CREATED;WAITING_VALIDATION;P-3-8
1701;18297;validation-2;289;VALIDATION;ORDER_STATE_CHANGED;WAITING_VALIDATION;READY_TO_PRINT;P-1-1
1702;18297;validation-1;290;VALIDATION;ORDER_STATE_CHANGED;WAITING_VALIDATION;READY_TO_PRINT;P-0-0
1703;18297;printing-2;285;PRINTING;ORDER_STATE_CHANGED;READY_TO_PRINT;PRINTED;P-9-19
1704;18297;assignment-1;456;ASSIGNMENT;ORDER_STATE_CHANGED;CREATED;WAITING_VALIDATION;P-9-19
1705;18328;quality-1;287;QUALITY_CONTROL;ORDER_STATE_CHANGED;PRINTED;APPROVED;
1706;18359;printing-1;288;PRINTING;ORDER_STATE_CHANGED;READY_TO_PRINT;PRINTED;P-3-10
1707;18359;assignment-2;457;ASSIGNMENT;ORDER_STATE_CHANGED;CREATED;WAITING_VALIDATION;P-3-10
1708;18390;quality-2;285;QUALITY_CONTROL;ORDER_STATE_CHANGED;PRINTED;APPROVED;
1709;18422;printing-3;286;PRINTING;ORDER_STATE_CHANGED;READY_TO_PRINT;PRINTED;P-0-3
1710;18422;validation-2;291;VALIDATION;ORDER_STATE_CHANGED;WAITING_VALIDATION;READY_TO_PRINT;P-3-13
1711;18422;validation-1;292;VALIDATION;ORDER_STATE_CHANGED;WAITING_VALIDATION;READY_TO_PRINT;P-1-2
1712;18422;assignment-3;458;ASSIGNMENT;ORDER_STATE_CHANGED;CREATED;WAITING_VALIDATION;P-0-3
1713;18454;quality-1;288;QUALITY_CONTROL;ORDER_STATE_CHANGED;PRINTED;APPROVED;
1714;18486;printing-2;289;PRINTING;ORDER_STATE_CHANGED;READY_TO_PRINT;PRINTED;P-1-1
1715;18486;assignment-1;459;ASSIGNMENT;ORDER_STATE_CHANGED;CREATED;WAITING_VALIDATION;P-1-1
1716;18517;quality-2;286;QUALITY_CONTROL;ORDER_STATE_CHANGED;PRINTED;APPROVED;
1717;18548;validation-2;294;VALIDATION;ORDER_STATE_CHANGED;WAITING_VALIDATION;READY_TO_PRINT;P-3-12
1718;18548;validation-1;293;VALIDATION;ORDER_STATE_CHANGED;WAITING_VALIDATION;READY_TO_PRINT;P-0-4
1719;18548;printing-1;290;PRINTING;ORDER_STATE_CHANGED;READY_TO_PRINT;PRINTED;P-0-0
1720;18548;assignment-2;460;ASSIGNMENT;ORDER_STATE_CHANGED;CREATED;WAITING_VALIDATION;P-0-0
1721;18580;quality-1;289;QUALITY_CONTROL;ORDER_STATE_CHANGED;PRINTED;APPROVED;
1722;18612;printing-3;291;PRINTING;ORDER_STATE_CHANGED;READY_TO_PRINT;PRINTED;P-3-13
1723;18612;assignment-3;461;ASSIGNMENT;ORDER_STATE_CHANGED;CREATED;WAITING_VALIDATION;P-3-13
1724;18643;quality-2;290;QUALITY_CONTROL;ORDER_STATE_CHANGED;PRINTED;DEFECTIVE;
1725;18674;validation-1;296;VALIDATION;ORDER_STATE_CHANGED;WAITING_VALIDATION;READY_TO_PRINT;P-3-15
1726;18674;printing-2;292;PRINTING;ORDER_STATE_CHANGED;READY_TO_PRINT;PRINTED;P-1-2
1727;18674;validation-2;295;VALIDATION;ORDER_STATE_CHANGED;WAITING_VALIDATION;READY_TO_PRINT;P-3-14
1728;18674;assignment-1;462;ASSIGNMENT;ORDER_STATE_CHANGED;CREATED;WAITING_VALIDATION;P-1-2
1729;18705;quality-1;291;QUALITY_CONTROL;ORDER_STATE_CHANGED;PRINTED;APPROVED;
1730;18737;printing-1;294;PRINTING;ORDER_STATE_CHANGED;READY_TO_PRINT;PRINTED;P-3-12
1731;18737;assignment-2;463;ASSIGNMENT;ORDER_STATE_CHANGED;CREATED;WAITING_VALIDATION;P-3-12
1732;18768;quality-2;292;QUALITY_CONTROL;ORDER_STATE_CHANGED;PRINTED;APPROVED;
1733;18799;validation-2;297;VALIDATION;ORDER_STATE_CHANGED;WAITING_VALIDATION;READY_TO_PRINT;P-0-6
1734;18799;validation-1;298;VALIDATION;ORDER_STATE_CHANGED;WAITING_VALIDATION;READY_TO_PRINT;P-1-3
1735;18799;printing-3;293;PRINTING;ORDER_STATE_CHANGED;READY_TO_PRINT;PRINTED;P-0-4
1736;18800;assignment-3;464;ASSIGNMENT;ORDER_STATE_CHANGED;CREATED;WAITING_VALIDATION;P-0-4
1737;18831;quality-1;294;QUALITY_CONTROL;ORDER_STATE_CHANGED;PRINTED;APPROVED;
1738;18862;printing-2;296;PRINTING;ORDER_STATE_CHANGED;READY_TO_PRINT;PRINTED;P-3-15
1739;18862;assignment-1;465;ASSIGNMENT;ORDER_STATE_CHANGED;CREATED;WAITING_VALIDATION;P-3-15
1740;18894;quality-2;293;QUALITY_CONTROL;ORDER_STATE_CHANGED;PRINTED;APPROVED;
1741;18925;validation-1;300;VALIDATION;ORDER_STATE_CHANGED;WAITING_VALIDATION;READY_TO_PRINT;P-3-17
1742;18925;validation-2;299;VALIDATION;ORDER_STATE_CHANGED;WAITING_VALIDATION;REJECTED;P-3-16
1743;18925;printing-1;295;PRINTING;ORDER_STATE_CHANGED;READY_TO_PRINT;PRINTED;P-3-14
1744;18925;assignment-2;466;ASSIGNMENT;ORDER_STATE_CHANGED;CREATED;WAITING_VALIDATION;P-3-16
1745;18925;assignment-3;467;ASSIGNMENT;ORDER_STATE_CHANGED;CREATED;WAITING_VALIDATION;P-3-14
1746;18957;quality-1;296;QUALITY_CONTROL;ORDER_STATE_CHANGED;PRINTED;APPROVED;
1747;18988;printing-3;297;PRINTING;ORDER_STATE_CHANGED;READY_TO_PRINT;PRINTED;P-0-6
1748;18988;assignment-1;468;ASSIGNMENT;ORDER_STATE_CHANGED;CREATED;WAITING_VALIDATION;P-0-6
1749;19019;quality-2;295;QUALITY_CONTROL;ORDER_STATE_CHANGED;PRINTED;APPROVED;
1750;19050;validation-2;302;VALIDATION;ORDER_STATE_CHANGED;WAITING_VALIDATION;READY_TO_PRINT;P-4-0
1751;19050;validation-1;301;VALIDATION;ORDER_STATE_CHANGED;WAITING_VALIDATION;REJECTED;P-3-19
1752;19050;printing-2;298;PRINTING;ORDER_STATE_CHANGED;READY_TO_PRINT;PRINTED;P-1-3
1753;19050;assignment-2;469;ASSIGNMENT;ORDER_STATE_CHANGED;CREATED;WAITING_VALIDATION;P-1-3
1754;19050;assignment-3;470;ASSIGNMENT;ORDER_STATE_CHANGED;CREATED;WAITING_VALIDATION;P-3-19
1755;19081;quality-1;297;QUALITY_CONTROL;ORDER_STATE_CHANGED;PRINTED;APPROVED;
1756;19113;printing-1;300;PRINTING;ORDER_STATE_CHANGED;READY_TO_PRINT;PRINTED;P-3-17
1757;19113;assignment-1;471;ASSIGNMENT;ORDER_STATE_CHANGED;CREATED;WAITING_VALIDATION;P-3-17
1758;19145;quality-2;298;QUALITY_CONTROL;ORDER_STATE_CHANGED;PRINTED;APPROVED;
1759;19176;validation-1;304;VALIDATION;ORDER_STATE_CHANGED;WAITING_VALIDATION;READY_TO_PRINT;P-4-1
1760;19176;validation-2;303;VALIDATION;ORDER_STATE_CHANGED;WAITING_VALIDATION;READY_TO_PRINT;P-1-7
1761;19207;quality-1;300;QUALITY_CONTROL;ORDER_STATE_CHANGED;PRINTED;APPROVED;
1762;19239;printing-3;302;PRINTING;ORDER_STATE_CHANGED;READY_TO_PRINT;PRINTED;P-4-0
1763;19239;assignment-3;473;ASSIGNMENT;ORDER_STATE_CHANGED;CREATED;WAITING_VALIDATION;P-4-0
1764;19301;validation-2;306;VALIDATION;ORDER_STATE_CHANGED;WAITING_VALIDATION;READY_TO_PRINT;P-1-5
1765;19301;validation-1;305;VALIDATION;ORDER_STATE_CHANGED;WAITING_VALIDATION;READY_TO_PRINT;P-4-2
1766;19332;quality-2;302;QUALITY_CONTROL;ORDER_STATE_CHANGED;PRINTED;APPROVED;
1767;19363;printing-2;304;PRINTING;ORDER_STATE_CHANGED;READY_TO_PRINT;PRINTED;P-4-1
1768;19363;printing-1;303;PRINTING;ORDER_STATE_CHANGED;READY_TO_PRINT;PRINTED;P-1-7
1769;19364;assignment-2;472;ASSIGNMENT;ORDER_STATE_CHANGED;CREATED;WAITING_VALIDATION;P-1-7
1770;19364;assignment-1;474;ASSIGNMENT;ORDER_STATE_CHANGED;CREATED;WAITING_VALIDATION;P-4-1
1771;19427;validation-1;308;VALIDATION;ORDER_STATE_CHANGED;WAITING_VALIDATION;READY_TO_PRINT;P-4-4
1772;19427;validation-2;307;VALIDATION;ORDER_STATE_CHANGED;WAITING_VALIDATION;REJECTED;P-4-6
1773;19427;assignment-3;475;ASSIGNMENT;ORDER_STATE_CHANGED;CREATED;WAITING_VALIDATION;P-4-6
1774;19458;quality-1;304;QUALITY_CONTROL;ORDER_STATE_CHANGED;PRINTED;APPROVED;
1775;19458;quality-2;303;QUALITY_CONTROL;ORDER_STATE_CHANGED;PRINTED;APPROVED;
1776;19491;printing-3;306;PRINTING;ORDER_STATE_CHANGED;READY_TO_PRINT;PRINTED;P-1-5
1777;19491;assignment-1;477;ASSIGNMENT;ORDER_STATE_CHANGED;CREATED;WAITING_VALIDATION;P-1-5
1778;19554;validation-2;310;VALIDATION;ORDER_STATE_CHANGED;WAITING_VALIDATION;READY_TO_PRINT;P-4-8
1779;19554;printing-1;305;PRINTING;ORDER_STATE_CHANGED;READY_TO_PRINT;PRINTED;P-4-2
1780;19554;validation-1;309;VALIDATION;ORDER_STATE_CHANGED;WAITING_VALIDATION;READY_TO_PRINT;P-4-7
1781;19554;assignment-2;476;ASSIGNMENT;ORDER_STATE_CHANGED;CREATED;WAITING_VALIDATION;P-4-2
1782;19585;quality-1;306;QUALITY_CONTROL;ORDER_STATE_CHANGED;PRINTED;APPROVED;
1783;19616;printing-2;308;PRINTING;ORDER_STATE_CHANGED;READY_TO_PRINT;PRINTED;P-4-4
1784;19616;assignment-3;478;ASSIGNMENT;ORDER_STATE_CHANGED;CREATED;WAITING_VALIDATION;P-4-4
1785;19648;quality-2;305;QUALITY_CONTROL;ORDER_STATE_CHANGED;PRINTED;APPROVED;
1786;19679;validation-2;311;VALIDATION;ORDER_STATE_CHANGED;WAITING_VALIDATION;REJECTED;P-4-12
1787;19679;validation-1;312;VALIDATION;ORDER_STATE_CHANGED;WAITING_VALIDATION;READY_TO_PRINT;P-4-9
1788;19679;assignment-1;479;ASSIGNMENT;ORDER_STATE_CHANGED;CREATED;WAITING_VALIDATION;P-4-12
1789;19710;quality-1;308;QUALITY_CONTROL;ORDER_STATE_CHANGED;PRINTED;APPROVED;
1790;19740;printing-1;309;PRINTING;ORDER_STATE_CHANGED;READY_TO_PRINT;PRINTED;P-4-7
1791;19740;printing-3;310;PRINTING;ORDER_STATE_CHANGED;READY_TO_PRINT;PRINTED;P-4-8
1792;19740;assignment-2;480;ASSIGNMENT;ORDER_STATE_CHANGED;CREATED;WAITING_VALIDATION;P-4-7
1793;19740;assignment-3;481;ASSIGNMENT;ORDER_STATE_CHANGED;CREATED;WAITING_VALIDATION;P-4-8
1794;19802;validation-2;314;VALIDATION;ORDER_STATE_CHANGED;WAITING_VALIDATION;READY_TO_PRINT;P-4-11
1795;19802;validation-1;313;VALIDATION;ORDER_STATE_CHANGED;WAITING_VALIDATION;READY_TO_PRINT;P-4-10
1796;19833;quality-1;310;QUALITY_CONTROL;ORDER_STATE_CHANGED;PRINTED;APPROVED;
1797;19833;quality-2;309;QUALITY_CONTROL;ORDER_STATE_CHANGED;PRINTED;APPROVED;
1798;19865;printing-2;312;PRINTING;ORDER_STATE_CHANGED;READY_TO_PRINT;PRINTED;P-4-9
1799;19865;assignment-1;482;ASSIGNMENT;ORDER_STATE_CHANGED;CREATED;WAITING_VALIDATION;P-4-9
1800;19928;validation-2;316;VALIDATION;ORDER_STATE_CHANGED;WAITING_VALIDATION;READY_TO_PRINT;P-1-9
1801;19928;validation-1;315;VALIDATION;ORDER_STATE_CHANGED;WAITING_VALIDATION;REJECTED;P-1-10
1802;19928;assignment-2;483;ASSIGNMENT;ORDER_STATE_CHANGED;CREATED;WAITING_VALIDATION;P-1-10
1803;19959;quality-1;312;QUALITY_CONTROL;ORDER_STATE_CHANGED;PRINTED;APPROVED;
1804;19991;printing-3;313;PRINTING;ORDER_STATE_CHANGED;READY_TO_PRINT;PRINTED;P-4-10
1805;19991;printing-1;314;PRINTING;ORDER_STATE_CHANGED;READY_TO_PRINT;PRINTED;P-4-11
1806;19991;assignment-3;484;ASSIGNMENT;ORDER_STATE_CHANGED;CREATED;WAITING_VALIDATION;P-4-10
1807;19991;assignment-1;485;ASSIGNMENT;ORDER_STATE_CHANGED;CREATED;WAITING_VALIDATION;P-4-11
1808;20054;validation-2;317;VALIDATION;ORDER_STATE_CHANGED;WAITING_VALIDATION;READY_TO_PRINT;P-4-13
1809;20054;validation-1;318;VALIDATION;ORDER_STATE_CHANGED;WAITING_VALIDATION;READY_TO_PRINT;P-4-14
1810;20085;quality-1;314;QUALITY_CONTROL;ORDER_STATE_CHANGED;PRINTED;APPROVED;
1811;20085;quality-2;313;QUALITY_CONTROL;ORDER_STATE_CHANGED;PRINTED;APPROVED;
1812;20117;printing-2;316;PRINTING;ORDER_STATE_CHANGED;READY_TO_PRINT;PRINTED;P-1-9
1813;20117;assignment-2;486;ASSIGNMENT;ORDER_STATE_CHANGED;CREATED;WAITING_VALIDATION;P-1-9
1814;20181;validation-2;320;VALIDATION;ORDER_STATE_CHANGED;WAITING_VALIDATION;REJECTED;P-4-15
1815;20181;validation-1;319;VALIDATION;ORDER_STATE_CHANGED;WAITING_VALIDATION;READY_TO_PRINT;P-4-16
1816;20181;assignment-1;488;ASSIGNMENT;ORDER_STATE_CHANGED;CREATED;WAITING_VALIDATION;P-4-15
1817;20211;quality-1;316;QUALITY_CONTROL;ORDER_STATE_CHANGED;PRINTED;APPROVED;
1818;20242;printing-1;317;PRINTING;ORDER_STATE_CHANGED;READY_TO_PRINT;PRINTED;P-4-13
1819;20242;printing-3;318;PRINTING;ORDER_STATE_CHANGED;READY_TO_PRINT;PRINTED;P-4-14
1820;20242;assignment-3;487;ASSIGNMENT;ORDER_STATE_CHANGED;CREATED;WAITING_VALIDATION;P-4-13
1821;20242;assignment-2;489;ASSIGNMENT;ORDER_STATE_CHANGED;CREATED;WAITING_VALIDATION;P-4-14
1822;20304;validation-1;321;VALIDATION;ORDER_STATE_CHANGED;WAITING_VALIDATION;READY_TO_PRINT;P-4-18
1823;20304;validation-2;323;VALIDATION;ORDER_STATE_CHANGED;WAITING_VALIDATION;READY_TO_PRINT;P-4-17
1824;20335;quality-1;318;QUALITY_CONTROL;ORDER_STATE_CHANGED;PRINTED;DEFECTIVE;
1825;20335;quality-2;317;QUALITY_CONTROL;ORDER_STATE_CHANGED;PRINTED;APPROVED;
1826;20366;printing-2;319;PRINTING;ORDER_STATE_CHANGED;READY_TO_PRINT;PRINTED;P-4-16
1827;20366;assignment-1;490;ASSIGNMENT;ORDER_STATE_CHANGED;CREATED;WAITING_VALIDATION;P-4-16
1828;20429;validation-2;322;VALIDATION;ORDER_STATE_CHANGED;WAITING_VALIDATION;READY_TO_PRINT;P-1-11
1829;20429;validation-1;324;VALIDATION;ORDER_STATE_CHANGED;WAITING_VALIDATION;READY_TO_PRINT;P-4-19
1830;20460;quality-1;319;QUALITY_CONTROL;ORDER_STATE_CHANGED;PRINTED;APPROVED;
1831;20491;printing-3;323;PRINTING;ORDER_STATE_CHANGED;READY_TO_PRINT;PRINTED;P-4-17
1832;20491;printing-1;321;PRINTING;ORDER_STATE_CHANGED;READY_TO_PRINT;PRINT_FAILED;P-4-18
1833;20491;assignment-2;492;ASSIGNMENT;ORDER_STATE_CHANGED;CREATED;WAITING_VALIDATION;P-4-17
1834;20553;validation-2;326;VALIDATION;ORDER_STATE_CHANGED;WAITING_VALIDATION;READY_TO_PRINT;P-1-14
1835;20553;validation-1;325;VALIDATION;ORDER_STATE_CHANGED;WAITING_VALIDATION;READY_TO_PRINT;P-5-0
1836;20584;quality-2;323;QUALITY_CONTROL;ORDER_STATE_CHANGED;PRINTED;APPROVED;
1837;20615;printing-2;322;PRINTING;ORDER_STATE_CHANGED;READY_TO_PRINT;PRINTED;P-1-11
1838;20615;assignment-3;491;ASSIGNMENT;ORDER_STATE_CHANGED;CREATED;WAITING_VALIDATION;P-1-11
1839;20678;validation-2;327;VALIDATION;ORDER_STATE_CHANGED;WAITING_VALIDATION;READY_TO_PRINT;P-5-1
1840;20678;printing-3;324;PRINTING;ORDER_STATE_CHANGED;READY_TO_PRINT;PRINTED;P-4-19
1841;20678;validation-1;328;VALIDATION;ORDER_STATE_CHANGED;WAITING_VALIDATION;READY_TO_PRINT;P-5-4
1842;20678;assignment-1;493;ASSIGNMENT;ORDER_STATE_CHANGED;CREATED;WAITING_VALIDATION;P-4-19
1843;20708;quality-1;322;QUALITY_CONTROL;ORDER_STATE_CHANGED;PRINTED;APPROVED;
1844;20740;printing-1;326;PRINTING;ORDER_STATE_CHANGED;READY_TO_PRINT;PRINT_FAILED;P-1-14
1845;20771;quality-2;324;QUALITY_CONTROL;ORDER_STATE_CHANGED;PRINTED;DEFECTIVE;
1846;20803;validation-1;330;VALIDATION;ORDER_STATE_CHANGED;WAITING_VALIDATION;READY_TO_PRINT;P-0-9
1847;20803;validation-2;329;VALIDATION;ORDER_STATE_CHANGED;WAITING_VALIDATION;READY_TO_PRINT;P-5-3
1848;20803;printing-2;325;PRINTING;ORDER_STATE_CHANGED;READY_TO_PRINT;PRINTED;P-5-0
1849;20803;assignment-2;494;ASSIGNMENT;ORDER_STATE_CHANGED;CREATED;WAITING_VALIDATION;P-5-0
1850;20864;printing-3;327;PRINTING;ORDER_STATE_CHANGED;READY_TO_PRINT;PRINTED;P-5-1
1851;20864;assignment-3;495;ASSIGNMENT;ORDER_STATE_CHANGED;CREATED;WAITING_VALIDATION;P-5-1
1852;20895;quality-1;325;QUALITY_CONTROL;ORDER_STATE_CHANGED;PRINTED;APPROVED;
1853;20927;validation-2;331;VALIDATION;ORDER_STATE_CHANGED;WAITING_VALIDATION;READY_TO_PRINT;P-5-5
1854;20927;validation-1;332;VALIDATION;ORDER_STATE_CHANGED;WAITING_VALIDATION;READY_TO_PRINT;P-5-6
1855;20927;printing-1;328;PRINTING;ORDER_STATE_CHANGED;READY_TO_PRINT;PRINTED;P-5-4
1856;20927;assignment-1;496;ASSIGNMENT;ORDER_STATE_CHANGED;CREATED;WAITING_VALIDATION;P-5-4
1857;20958;quality-2;327;QUALITY_CONTROL;ORDER_STATE_CHANGED;PRINTED;APPROVED;
1858;20989;printing-2;330;PRINTING;ORDER_STATE_CHANGED;READY_TO_PRINT;PRINTED;P-0-9
1859;20989;assignment-2;497;ASSIGNMENT;ORDER_STATE_CHANGED;CREATED;WAITING_VALIDATION;P-0-9
1860;21020;quality-1;328;QUALITY_CONTROL;ORDER_STATE_CHANGED;PRINTED;APPROVED;
1861;21051;validation-2;333;VALIDATION;ORDER_STATE_CHANGED;WAITING_VALIDATION;READY_TO_PRINT;P-0-8
1862;21051;validation-1;334;VALIDATION;ORDER_STATE_CHANGED;WAITING_VALIDATION;REJECTED;P-5-7
1863;21051;printing-3;329;PRINTING;ORDER_STATE_CHANGED;READY_TO_PRINT;PRINTED;P-5-3
1864;21052;assignment-3;498;ASSIGNMENT;ORDER_STATE_CHANGED;CREATED;WAITING_VALIDATION;P-5-3
1865;21052;assignment-1;499;ASSIGNMENT;ORDER_STATE_CHANGED;CREATED;WAITING_VALIDATION;P-5-7
1866;21081;quality-2;330;QUALITY_CONTROL;ORDER_STATE_CHANGED;PRINTED;APPROVED;
1867;21114;printing-1;331;PRINTING;ORDER_STATE_CHANGED;READY_TO_PRINT;PRINTED;P-5-5
1868;21114;assignment-2;500;ASSIGNMENT;ORDER_STATE_CHANGED;CREATED;WAITING_VALIDATION;P-5-5
1869;21144;quality-1;329;QUALITY_CONTROL;ORDER_STATE_CHANGED;PRINTED;APPROVED;
1870;21176;printing-2;332;PRINTING;ORDER_STATE_CHANGED;READY_TO_PRINT;PRINTED;P-5-6
1871;21176;validation-1;336;VALIDATION;ORDER_STATE_CHANGED;WAITING_VALIDATION;READY_TO_PRINT;P-5-8
1872;21176;validation-2;335;VALIDATION;ORDER_STATE_CHANGED;WAITING_VALIDATION;READY_TO_PRINT;P-1-16
1873;21207;quality-2;331;QUALITY_CONTROL;ORDER_STATE_CHANGED;PRINTED;APPROVED;
1874;21238;printing-3;333;PRINTING;ORDER_STATE_CHANGED;READY_TO_PRINT;PRINTED;P-0-8
1875;21269;quality-1;332;QUALITY_CONTROL;ORDER_STATE_CHANGED;PRINTED;APPROVED;
1876;21301;validation-2;338;VALIDATION;ORDER_STATE_CHANGED;WAITING_VALIDATION;READY_TO_PRINT;P-1-15
1877;21301;validation-1;337;VALIDATION;ORDER_STATE_CHANGED;WAITING_VALIDATION;READY_TO_PRINT;P-5-9
1878;21332;quality-2;333;QUALITY_CONTROL;ORDER_STATE_CHANGED;PRINTED;APPROVED;
1879;21364;printing-1;335;PRINTING;ORDER_STATE_CHANGED;READY_TO_PRINT;PRINTED;P-1-16
1880;21364;printing-2;336;PRINTING;ORDER_STATE_CHANGED;READY_TO_PRINT;PRINTED;P-5-8
1881;21426;validation-2;340;VALIDATION;ORDER_STATE_CHANGED;WAITING_VALIDATION;READY_TO_PRINT;P-5-11
1882;21426;validation-1;339;VALIDATION;ORDER_STATE_CHANGED;WAITING_VALIDATION;READY_TO_PRINT;P-5-10
1883;21459;quality-2;336;QUALITY_CONTROL;ORDER_STATE_CHANGED;PRINTED;APPROVED;
1884;21459;quality-1;335;QUALITY_CONTROL;ORDER_STATE_CHANGED;PRINTED;APPROVED;
1885;21490;printing-3;338;PRINTING;ORDER_STATE_CHANGED;READY_TO_PRINT;PRINTED;P-1-15
1886;21553;validation-1;341;VALIDATION;ORDER_STATE_CHANGED;WAITING_VALIDATION;READY_TO_PRINT;P-5-12
1887;21553;validation-2;342;VALIDATION;ORDER_STATE_CHANGED;WAITING_VALIDATION;READY_TO_PRINT;P-2-0
1888;21553;printing-1;337;PRINTING;ORDER_STATE_CHANGED;READY_TO_PRINT;PRINTED;P-5-9
1889;21584;quality-2;338;QUALITY_CONTROL;ORDER_STATE_CHANGED;PRINTED;APPROVED;
1890;21616;printing-2;340;PRINTING;ORDER_STATE_CHANGED;READY_TO_PRINT;PRINTED;P-5-11
1891;21647;quality-1;337;QUALITY_CONTROL;ORDER_STATE_CHANGED;PRINTED;APPROVED;
1892;21678;validation-2;343;VALIDATION;ORDER_STATE_CHANGED;WAITING_VALIDATION;REJECTED;P-1-17
1893;21678;printing-3;339;PRINTING;ORDER_STATE_CHANGED;READY_TO_PRINT;PRINTED;P-5-10
1894;21678;validation-1;344;VALIDATION;ORDER_STATE_CHANGED;WAITING_VALIDATION;READY_TO_PRINT;P-1-18
1895;21710;quality-2;340;QUALITY_CONTROL;ORDER_STATE_CHANGED;PRINTED;APPROVED;
1896;21741;printing-1;341;PRINTING;ORDER_STATE_CHANGED;READY_TO_PRINT;PRINTED;P-5-12
1897;21773;quality-1;339;QUALITY_CONTROL;ORDER_STATE_CHANGED;PRINTED;DEFECTIVE;
1898;21803;printing-2;342;PRINTING;ORDER_STATE_CHANGED;READY_TO_PRINT;PRINTED;P-2-0
1899;21803;validation-2;346;VALIDATION;ORDER_STATE_CHANGED;WAITING_VALIDATION;READY_TO_PRINT;P-5-15
1900;21803;validation-1;345;VALIDATION;ORDER_STATE_CHANGED;WAITING_VALIDATION;READY_TO_PRINT;P-5-13
1901;21835;quality-2;341;QUALITY_CONTROL;ORDER_STATE_CHANGED;PRINTED;APPROVED;
1902;21867;printing-3;344;PRINTING;ORDER_STATE_CHANGED;READY_TO_PRINT;PRINTED;P-1-18
1903;21898;quality-1;342;QUALITY_CONTROL;ORDER_STATE_CHANGED;PRINTED;APPROVED;
1904;21930;validation-2;348;VALIDATION;ORDER_STATE_CHANGED;WAITING_VALIDATION;READY_TO_PRINT;P-0-11
1905;21930;validation-1;347;VALIDATION;ORDER_STATE_CHANGED;WAITING_VALIDATION;READY_TO_PRINT;P-5-14
1906;21962;quality-2;344;QUALITY_CONTROL;ORDER_STATE_CHANGED;PRINTED;APPROVED;
1907;21992;printing-1;346;PRINTING;ORDER_STATE_CHANGED;READY_TO_PRINT;PRINTED;P-5-15
1908;21992;printing-2;345;PRINTING;ORDER_STATE_CHANGED;READY_TO_PRINT;PRINTED;P-5-13
1909;22054;validation-1;350;VALIDATION;ORDER_STATE_CHANGED;WAITING_VALIDATION;READY_TO_PRINT;P-2-2
1910;22054;validation-2;349;VALIDATION;ORDER_STATE_CHANGED;WAITING_VALIDATION;READY_TO_PRINT;P-1-19
1911;22085;quality-2;345;QUALITY_CONTROL;ORDER_STATE_CHANGED;PRINTED;APPROVED;
1912;22085;quality-1;346;QUALITY_CONTROL;ORDER_STATE_CHANGED;PRINTED;APPROVED;
1913;22117;printing-3;348;PRINTING;ORDER_STATE_CHANGED;READY_TO_PRINT;PRINTED;P-0-11
1914;22179;printing-1;347;PRINTING;ORDER_STATE_CHANGED;READY_TO_PRINT;PRINTED;P-5-14
1915;22179;validation-1;351;VALIDATION;ORDER_STATE_CHANGED;WAITING_VALIDATION;READY_TO_PRINT;P-5-18
1916;22179;validation-2;352;VALIDATION;ORDER_STATE_CHANGED;WAITING_VALIDATION;REJECTED;P-0-10
1917;22211;quality-2;348;QUALITY_CONTROL;ORDER_STATE_CHANGED;PRINTED;APPROVED;
1918;22242;printing-2;350;PRINTING;ORDER_STATE_CHANGED;READY_TO_PRINT;PRINT_FAILED;P-2-2
1919;22274;quality-1;347;QUALITY_CONTROL;ORDER_STATE_CHANGED;PRINTED;APPROVED;
1920;22305;validation-2;354;VALIDATION;ORDER_STATE_CHANGED;WAITING_VALIDATION;REJECTED;P-0-14
1921;22305;validation-1;353;VALIDATION;ORDER_STATE_CHANGED;WAITING_VALIDATION;READY_TO_PRINT;P-5-19
1922;22305;printing-3;349;PRINTING;ORDER_STATE_CHANGED;READY_TO_PRINT;PRINTED;P-1-19
1923;22368;printing-1;351;PRINTING;ORDER_STATE_CHANGED;READY_TO_PRINT;PRINTED;P-5-18
1924;22399;quality-2;349;QUALITY_CONTROL;ORDER_STATE_CHANGED;PRINTED;APPROVED;
1925;22430;validation-2;356;VALIDATION;ORDER_STATE_CHANGED;WAITING_VALIDATION;READY_TO_PRINT;P-6-1
1926;22430;validation-1;355;VALIDATION;ORDER_STATE_CHANGED;WAITING_VALIDATION;READY_TO_PRINT;P-6-3
1927;22461;quality-1;351;QUALITY_CONTROL;ORDER_STATE_CHANGED;PRINTED;DEFECTIVE;
1928;22492;printing-2;353;PRINTING;ORDER_STATE_CHANGED;READY_TO_PRINT;PRINTED;P-5-19
1929;22554;validation-1;358;VALIDATION;ORDER_STATE_CHANGED;WAITING_VALIDATION;READY_TO_PRINT;P-6-5
1930;22554;validation-2;357;VALIDATION;ORDER_STATE_CHANGED;WAITING_VALIDATION;READY_TO_PRINT;P-6-4
1931;22585;quality-2;353;QUALITY_CONTROL;ORDER_STATE_CHANGED;PRINTED;APPROVED;
1932;22616;printing-1;355;PRINTING;ORDER_STATE_CHANGED;READY_TO_PRINT;PRINT_FAILED;P-6-3
1933;22616;printing-3;356;PRINTING;ORDER_STATE_CHANGED;READY_TO_PRINT;PRINTED;P-6-1
1934;22679;validation-2;361;VALIDATION;ORDER_STATE_CHANGED;WAITING_VALIDATION;READY_TO_PRINT;P-6-6
1935;22679;validation-1;359;VALIDATION;ORDER_STATE_CHANGED;WAITING_VALIDATION;READY_TO_PRINT;P-6-7
1936;22710;quality-1;356;QUALITY_CONTROL;ORDER_STATE_CHANGED;PRINTED;APPROVED;
1937;22741;printing-2;358;PRINTING;ORDER_STATE_CHANGED;READY_TO_PRINT;PRINTED;P-6-5
1938;22806;printing-1;357;PRINTING;ORDER_STATE_CHANGED;READY_TO_PRINT;PRINTED;P-6-4
1939;22806;validation-1;360;VALIDATION;ORDER_STATE_CHANGED;WAITING_VALIDATION;READY_TO_PRINT;P-2-3
1940;22806;validation-2;362;VALIDATION;ORDER_STATE_CHANGED;WAITING_VALIDATION;READY_TO_PRINT;P-6-8
1941;22836;quality-2;358;QUALITY_CONTROL;ORDER_STATE_CHANGED;PRINTED;APPROVED;
1942;22867;printing-3;361;PRINTING;ORDER_STATE_CHANGED;READY_TO_PRINT;PRINTED;P-6-6
1943;22898;quality-1;357;QUALITY_CONTROL;ORDER_STATE_CHANGED;PRINTED;APPROVED;
1944;22929;validation-1;363;VALIDATION;ORDER_STATE_CHANGED;WAITING_VALIDATION;REJECTED;P-6-10
1945;22929;validation-2;364;VALIDATION;ORDER_STATE_CHANGED;WAITING_VALIDATION;READY_TO_PRINT;P-6-9
1946;22929;printing-2;359;PRINTING;ORDER_STATE_CHANGED;READY_TO_PRINT;PRINTED;P-6-7
1947;22960;quality-2;361;QUALITY_CONTROL;ORDER_STATE_CHANGED;PRINTED;APPROVED;
1948;22991;printing-1;360;PRINTING;ORDER_STATE_CHANGED;READY_TO_PRINT;PRINTED;P-2-3
1949;23022;quality-1;359;QUALITY_CONTROL;ORDER_STATE_CHANGED;PRINTED;APPROVED;
1950;23054;validation-2;365;VALIDATION;ORDER_STATE_CHANGED;WAITING_VALIDATION;REJECTED;P-6-12
1951;23054;validation-1;366;VALIDATION;ORDER_STATE_CHANGED;WAITING_VALIDATION;READY_TO_PRINT;P-6-11
1952;23054;printing-3;362;PRINTING;ORDER_STATE_CHANGED;READY_TO_PRINT;PRINT_FAILED;P-6-8
1953;23085;quality-2;360;QUALITY_CONTROL;ORDER_STATE_CHANGED;PRINTED;APPROVED;
1954;23115;printing-2;364;PRINTING;ORDER_STATE_CHANGED;READY_TO_PRINT;PRINTED;P-6-9
1955;23178;validation-1;367;VALIDATION;ORDER_STATE_CHANGED;WAITING_VALIDATION;READY_TO_PRINT;P-0-12
1956;23178;validation-2;368;VALIDATION;ORDER_STATE_CHANGED;WAITING_VALIDATION;READY_TO_PRINT;P-6-13
1957;23209;quality-1;364;QUALITY_CONTROL;ORDER_STATE_CHANGED;PRINTED;APPROVED;
1958;23240;printing-1;366;PRINTING;ORDER_STATE_CHANGED;READY_TO_PRINT;PRINTED;P-6-11
1959;23303;validation-2;370;VALIDATION;ORDER_STATE_CHANGED;WAITING_VALIDATION;READY_TO_PRINT;P-6-16
1960;23303;validation-1;369;VALIDATION;ORDER_STATE_CHANGED;WAITING_VALIDATION;READY_TO_PRINT;P-6-14
1961;23334;quality-2;366;QUALITY_CONTROL;ORDER_STATE_CHANGED;PRINTED;APPROVED;
1962;23365;printing-2;368;PRINTING;ORDER_STATE_CHANGED;READY_TO_PRINT;PRINTED;P-6-13
1963;23365;printing-3;367;PRINTING;ORDER_STATE_CHANGED;READY_TO_PRINT;PRINTED;P-0-12
1964;23426;validation-2;372;VALIDATION;ORDER_STATE_CHANGED;WAITING_VALIDATION;REJECTED;P-6-19
1965;23426;validation-1;371;VALIDATION;ORDER_STATE_CHANGED;WAITING_VALIDATION;REJECTED;P-6-15
1966;23457;quality-1;368;QUALITY_CONTROL;ORDER_STATE_CHANGED;PRINTED;APPROVED;
1967;23457;quality-2;367;QUALITY_CONTROL;ORDER_STATE_CHANGED;PRINTED;APPROVED;
1968;23488;printing-1;370;PRINTING;ORDER_STATE_CHANGED;READY_TO_PRINT;PRINTED;P-6-16
1969;23549;printing-3;369;PRINTING;ORDER_STATE_CHANGED;READY_TO_PRINT;PRINTED;P-6-14
1970;23549;validation-2;373;VALIDATION;ORDER_STATE_CHANGED;WAITING_VALIDATION;READY_TO_PRINT;P-6-17
1971;23549;validation-1;374;VALIDATION;ORDER_STATE_CHANGED;WAITING_VALIDATION;READY_TO_PRINT;P-2-6
1972;23581;quality-1;370;QUALITY_CONTROL;ORDER_STATE_CHANGED;PRINTED;APPROVED;
1973;23644;quality-2;369;QUALITY_CONTROL;ORDER_STATE_CHANGED;PRINTED;APPROVED;
1974;23675;validation-2;376;VALIDATION;ORDER_STATE_CHANGED;WAITING_VALIDATION;READY_TO_PRINT;P-7-1
1975;23675;validation-1;375;VALIDATION;ORDER_STATE_CHANGED;WAITING_VALIDATION;READY_TO_PRINT;P-7-0
1976;23738;printing-3;373;PRINTING;ORDER_STATE_CHANGED;READY_TO_PRINT;PRINTED;P-6-17
1977;23738;printing-2;374;PRINTING;ORDER_STATE_CHANGED;READY_TO_PRINT;PRINT_FAILED;P-2-6
1978;23801;validation-2;377;VALIDATION;ORDER_STATE_CHANGED;WAITING_VALIDATION;READY_TO_PRINT;P-7-2
1979;23801;validation-1;379;VALIDATION;ORDER_STATE_CHANGED;WAITING_VALIDATION;READY_TO_PRINT;P-2-7
1980;23832;quality-1;373;QUALITY_CONTROL;ORDER_STATE_CHANGED;PRINTED;APPROVED;
1981;23863;printing-1;376;PRINTING;ORDER_STATE_CHANGED;READY_TO_PRINT;PRINTED;P-7-1
1982;23926;validation-2;378;VALIDATION;ORDER_STATE_CHANGED;WAITING_VALIDATION;REJECTED;P-7-4
1983;23926;printing-3;375;PRINTING;ORDER_STATE_CHANGED;READY_TO_PRINT;PRINTED;P-7-0
1984;23926;validation-1;380;VALIDATION;ORDER_STATE_CHANGED;WAITING_VALIDATION;READY_TO_PRINT;P-0-13
1985;23957;quality-2;376;QUALITY_CONTROL;ORDER_STATE_CHANGED;PRINTED;APPROVED;
1986;23989;printing-2;377;PRINTING;ORDER_STATE_CHANGED;READY_TO_PRINT;PRINT_FAILED;P-7-2
1987;24021;quality-1;375;QUALITY_CONTROL;ORDER_STATE_CHANGED;PRINTED;APPROVED;
1988;24052;validation-1;381;VALIDATION;ORDER_STATE_CHANGED;WAITING_VALIDATION;READY_TO_PRINT;P-7-3
1989;24052;printing-1;379;PRINTING;ORDER_STATE_CHANGED;READY_TO_PRINT;PRINTED;P-2-7
1990;24052;validation-2;382;VALIDATION;ORDER_STATE_CHANGED;WAITING_VALIDATION;READY_TO_PRINT;P-2-10
1991;24114;printing-3;380;PRINTING;ORDER_STATE_CHANGED;READY_TO_PRINT;PRINTED;P-0-13
1992;24145;quality-2;379;QUALITY_CONTROL;ORDER_STATE_CHANGED;PRINTED;APPROVED;
1993;24176;validation-2;384;VALIDATION;ORDER_STATE_CHANGED;WAITING_VALIDATION;REJECTED;P-7-5
1994;24176;validation-1;383;VALIDATION;ORDER_STATE_CHANGED;WAITING_VALIDATION;READY_TO_PRINT;P-0-15
1995;24208;quality-1;380;QUALITY_CONTROL;ORDER_STATE_CHANGED;PRINTED;APPROVED;
1996;24239;printing-2;381;PRINTING;ORDER_STATE_CHANGED;READY_TO_PRINT;PRINTED;P-7-3
1997;24239;printing-1;382;PRINTING;ORDER_STATE_CHANGED;READY_TO_PRINT;PRINTED;P-2-10
1998;24301;validation-1;385;VALIDATION;ORDER_STATE_CHANGED;WAITING_VALIDATION;READY_TO_PRINT;P-7-7
1999;24301;validation-2;387;VALIDATION;ORDER_STATE_CHANGED;WAITING_VALIDATION;READY_TO_PRINT;P-7-6
2000;24333;quality-1;382;QUALITY_CONTROL;ORDER_STATE_CHANGED;PRINTED;APPROVED;
2001;24333;quality-2;381;QUALITY_CONTROL;ORDER_STATE_CHANGED;PRINTED;APPROVED;
2002;24364;printing-3;383;PRINTING;ORDER_STATE_CHANGED;READY_TO_PRINT;PRINTED;P-0-15
2003;24425;validation-2;386;VALIDATION;ORDER_STATE_CHANGED;WAITING_VALIDATION;READY_TO_PRINT;P-2-8
2004;24426;validation-1;388;VALIDATION;ORDER_STATE_CHANGED;WAITING_VALIDATION;READY_TO_PRINT;P-7-11
2005;24456;quality-1;383;QUALITY_CONTROL;ORDER_STATE_CHANGED;PRINTED;APPROVED;
2006;24487;printing-2;385;PRINTING;ORDER_STATE_CHANGED;READY_TO_PRINT;PRINTED;P-7-7
2007;24487;printing-1;387;PRINTING;ORDER_STATE_CHANGED;READY_TO_PRINT;PRINTED;P-7-6
2008;24549;validation-2;390;VALIDATION;ORDER_STATE_CHANGED;WAITING_VALIDATION;READY_TO_PRINT;P-7-12
2009;24549;validation-1;389;VALIDATION;ORDER_STATE_CHANGED;WAITING_VALIDATION;READY_TO_PRINT;P-2-9
2010;24580;quality-1;387;QUALITY_CONTROL;ORDER_STATE_CHANGED;PRINTED;APPROVED;
2011;24580;quality-2;385;QUALITY_CONTROL;ORDER_STATE_CHANGED;PRINTED;APPROVED;
2012;24611;printing-3;386;PRINTING;ORDER_STATE_CHANGED;READY_TO_PRINT;PRINTED;P-2-8
2013;24673;printing-2;388;PRINTING;ORDER_STATE_CHANGED;READY_TO_PRINT;PRINTED;P-7-11
2014;24673;validation-2;392;VALIDATION;ORDER_STATE_CHANGED;WAITING_VALIDATION;READY_TO_PRINT;P-7-14
2015;24673;validation-1;391;VALIDATION;ORDER_STATE_CHANGED;WAITING_VALIDATION;READY_TO_PRINT;P-7-13
2016;24703;quality-1;386;QUALITY_CONTROL;ORDER_STATE_CHANGED;PRINTED;APPROVED;
2017;24735;printing-1;390;PRINTING;ORDER_STATE_CHANGED;READY_TO_PRINT;PRINTED;P-7-12
2018;24767;quality-2;388;QUALITY_CONTROL;ORDER_STATE_CHANGED;PRINTED;APPROVED;
2019;24797;validation-1;394;VALIDATION;ORDER_STATE_CHANGED;WAITING_VALIDATION;READY_TO_PRINT;P-2-12
2020;24797;validation-2;393;VALIDATION;ORDER_STATE_CHANGED;WAITING_VALIDATION;READY_TO_PRINT;P-2-11
2021;24797;printing-3;389;PRINTING;ORDER_STATE_CHANGED;READY_TO_PRINT;PRINT_FAILED;P-2-9
2022;24829;quality-1;390;QUALITY_CONTROL;ORDER_STATE_CHANGED;PRINTED;APPROVED;
2023;24861;printing-2;392;PRINTING;ORDER_STATE_CHANGED;READY_TO_PRINT;PRINTED;P-7-14
2024;24924;validation-2;397;VALIDATION;ORDER_STATE_CHANGED;WAITING_VALIDATION;READY_TO_PRINT;P-2-13
2025;24924;printing-1;391;PRINTING;ORDER_STATE_CHANGED;READY_TO_PRINT;PRINTED;P-7-13
2026;24924;validation-1;395;VALIDATION;ORDER_STATE_CHANGED;WAITING_VALIDATION;READY_TO_PRINT;P-7-15
2027;24955;quality-2;392;QUALITY_CONTROL;ORDER_STATE_CHANGED;PRINTED;APPROVED;
2028;24985;printing-3;394;PRINTING;ORDER_STATE_CHANGED;READY_TO_PRINT;PRINTED;P-2-12
2029;25017;quality-1;391;QUALITY_CONTROL;ORDER_STATE_CHANGED;PRINTED;APPROVED;
2030;25048;printing-2;393;PRINTING;ORDER_STATE_CHANGED;READY_TO_PRINT;PRINTED;P-2-11
2031;25048;validation-2;396;VALIDATION;ORDER_STATE_CHANGED;WAITING_VALIDATION;READY_TO_PRINT;P-7-16
2032;25048;validation-1;398;VALIDATION;ORDER_STATE_CHANGED;WAITING_VALIDATION;READY_TO_PRINT;P-7-17
2033;25080;quality-2;394;QUALITY_CONTROL;ORDER_STATE_CHANGED;PRINTED;APPROVED;
2034;25111;printing-1;397;PRINTING;ORDER_STATE_CHANGED;READY_TO_PRINT;PRINTED;P-2-13
2035;25142;quality-1;393;QUALITY_CONTROL;ORDER_STATE_CHANGED;PRINTED;APPROVED;
2036;25174;printing-3;395;PRINTING;ORDER_STATE_CHANGED;READY_TO_PRINT;PRINTED;P-7-15
2037;25174;validation-2;399;VALIDATION;ORDER_STATE_CHANGED;WAITING_VALIDATION;READY_TO_PRINT;P-7-18
2038;25174;validation-1;400;VALIDATION;ORDER_STATE_CHANGED;WAITING_VALIDATION;READY_TO_PRINT;P-0-17
2039;25205;quality-2;397;QUALITY_CONTROL;ORDER_STATE_CHANGED;PRINTED;APPROVED;
2040;25235;printing-2;396;PRINTING;ORDER_STATE_CHANGED;READY_TO_PRINT;PRINTED;P-7-16
2041;25267;quality-1;395;QUALITY_CONTROL;ORDER_STATE_CHANGED;PRINTED;APPROVED;
2042;25298;printing-1;398;PRINTING;ORDER_STATE_CHANGED;READY_TO_PRINT;PRINTED;P-7-17
2043;25298;validation-2;401;VALIDATION;ORDER_STATE_CHANGED;WAITING_VALIDATION;READY_TO_PRINT;P-7-19
2044;25298;validation-1;402;VALIDATION;ORDER_STATE_CHANGED;WAITING_VALIDATION;READY_TO_PRINT;P-8-0
2045;25330;quality-2;396;QUALITY_CONTROL;ORDER_STATE_CHANGED;PRINTED;APPROVED;
2046;25360;printing-3;399;PRINTING;ORDER_STATE_CHANGED;READY_TO_PRINT;PRINTED;P-7-18
2047;25392;quality-1;398;QUALITY_CONTROL;ORDER_STATE_CHANGED;PRINTED;APPROVED;
2048;25422;validation-2;404;VALIDATION;ORDER_STATE_CHANGED;WAITING_VALIDATION;READY_TO_PRINT;P-8-1
2049;25422;printing-2;400;PRINTING;ORDER_STATE_CHANGED;READY_TO_PRINT;PRINTED;P-0-17
2050;25422;validation-1;403;VALIDATION;ORDER_STATE_CHANGED;WAITING_VALIDATION;READY_TO_PRINT;P-8-3
2051;25454;quality-2;399;QUALITY_CONTROL;ORDER_STATE_CHANGED;PRINTED;APPROVED;
2052;25485;printing-1;401;PRINTING;ORDER_STATE_CHANGED;READY_TO_PRINT;PRINTED;P-7-19
2053;25516;quality-1;400;QUALITY_CONTROL;ORDER_STATE_CHANGED;PRINTED;APPROVED;
2054;25547;validation-2;405;VALIDATION;ORDER_STATE_CHANGED;WAITING_VALIDATION;READY_TO_PRINT;P-8-2
2055;25547;validation-1;406;VALIDATION;ORDER_STATE_CHANGED;WAITING_VALIDATION;READY_TO_PRINT;P-2-15
2056;25547;printing-3;402;PRINTING;ORDER_STATE_CHANGED;READY_TO_PRINT;PRINTED;P-8-0
2057;25578;quality-2;401;QUALITY_CONTROL;ORDER_STATE_CHANGED;PRINTED;APPROVED;
2058;25609;printing-2;404;PRINTING;ORDER_STATE_CHANGED;READY_TO_PRINT;PRINTED;P-8-1
2059;25640;quality-1;402;QUALITY_CONTROL;ORDER_STATE_CHANGED;PRINTED;APPROVED;
2060;25671;printing-1;403;PRINTING;ORDER_STATE_CHANGED;READY_TO_PRINT;PRINTED;P-8-3
2061;25671;validation-1;408;VALIDATION;ORDER_STATE_CHANGED;WAITING_VALIDATION;READY_TO_PRINT;P-0-2
2062;25671;validation-2;407;VALIDATION;ORDER_STATE_CHANGED;WAITING_VALIDATION;READY_TO_PRINT;P-8-4
2063;25704;quality-2;404;QUALITY_CONTROL;ORDER_STATE_CHANGED;PRINTED;APPROVED;
2064;25736;printing-3;405;PRINTING;ORDER_STATE_CHANGED;READY_TO_PRINT;PRINTED;P-8-2
2065;25767;quality-1;403;QUALITY_CONTROL;ORDER_STATE_CHANGED;PRINTED;APPROVED;
2066;25798;validation-2;409;VALIDATION;ORDER_STATE_CHANGED;WAITING_VALIDATION;READY_TO_PRINT;P-2-17
2067;25798;validation-1;410;VALIDATION;ORDER_STATE_CHANGED;WAITING_VALIDATION;READY_TO_PRINT;P-8-5
2068;25798;printing-2;406;PRINTING;ORDER_STATE_CHANGED;READY_TO_PRINT;PRINTED;P-2-15
2069;25829;quality-2;405;QUALITY_CONTROL;ORDER_STATE_CHANGED;PRINTED;DEFECTIVE;
2070;25860;printing-1;408;PRINTING;ORDER_STATE_CHANGED;READY_TO_PRINT;PRINTED;P-0-2
2071;25891;quality-1;406;QUALITY_CONTROL;ORDER_STATE_CHANGED;PRINTED;APPROVED;
2072;25923;validation-1;412;VALIDATION;ORDER_STATE_CHANGED;WAITING_VALIDATION;READY_TO_PRINT;P-8-6
2073;25923;validation-2;411;VALIDATION;ORDER_STATE_CHANGED;WAITING_VALIDATION;READY_TO_PRINT;P-0-1
2074;25923;printing-3;407;PRINTING;ORDER_STATE_CHANGED;READY_TO_PRINT;PRINTED;P-8-4
2075;25954;quality-2;408;QUALITY_CONTROL;ORDER_STATE_CHANGED;PRINTED;APPROVED;
2076;25985;printing-2;409;PRINTING;ORDER_STATE_CHANGED;READY_TO_PRINT;PRINT_FAILED;P-2-17
2077;26016;quality-1;407;QUALITY_CONTROL;ORDER_STATE_CHANGED;PRINTED;APPROVED;
2078;26048;validation-2;414;VALIDATION;ORDER_STATE_CHANGED;WAITING_VALIDATION;READY_TO_PRINT;P-8-8
2079;26048;validation-1;413;VALIDATION;ORDER_STATE_CHANGED;WAITING_VALIDATION;READY_TO_PRINT;P-2-16
2080;26048;printing-1;410;PRINTING;ORDER_STATE_CHANGED;READY_TO_PRINT;PRINTED;P-8-5
2081;26112;printing-3;412;PRINTING;ORDER_STATE_CHANGED;READY_TO_PRINT;PRINTED;P-8-6
2082;26142;quality-2;410;QUALITY_CONTROL;ORDER_STATE_CHANGED;PRINTED;APPROVED;
2083;26172;validation-1;415;VALIDATION;ORDER_STATE_CHANGED;WAITING_VALIDATION;READY_TO_PRINT;P-8-9
2084;26172;validation-2;416;VALIDATION;ORDER_STATE_CHANGED;WAITING_VALIDATION;REJECTED;P-8-7
2085;26172;printing-2;411;PRINTING;ORDER_STATE_CHANGED;READY_TO_PRINT;PRINTED;P-0-1
2086;26204;quality-1;412;QUALITY_CONTROL;ORDER_STATE_CHANGED;PRINTED;APPROVED;
2087;26235;printing-1;414;PRINTING;ORDER_STATE_CHANGED;READY_TO_PRINT;PRINTED;P-8-8
2088;26267;quality-2;411;QUALITY_CONTROL;ORDER_STATE_CHANGED;PRINTED;APPROVED;
2089;26298;validation-1;417;VALIDATION;ORDER_STATE_CHANGED;WAITING_VALIDATION;READY_TO_PRINT;P-8-10
2090;26298;validation-2;418;VALIDATION;ORDER_STATE_CHANGED;WAITING_VALIDATION;READY_TO_PRINT;P-8-11
2091;26298;printing-3;413;PRINTING;ORDER_STATE_CHANGED;READY_TO_PRINT;PRINTED;P-2-16
2092;26329;quality-1;414;QUALITY_CONTROL;ORDER_STATE_CHANGED;PRINTED;APPROVED;
2093;26360;printing-2;415;PRINTING;ORDER_STATE_CHANGED;READY_TO_PRINT;PRINTED;P-8-9
2094;26392;quality-2;413;QUALITY_CONTROL;ORDER_STATE_CHANGED;PRINTED;APPROVED;
2095;26423;validation-2;419;VALIDATION;ORDER_STATE_CHANGED;WAITING_VALIDATION;READY_TO_PRINT;P-8-12
2096;26423;validation-1;420;VALIDATION;ORDER_STATE_CHANGED;WAITING_VALIDATION;READY_TO_PRINT;P-8-14
2097;26455;quality-1;415;QUALITY_CONTROL;ORDER_STATE_CHANGED;PRINTED;APPROVED;
2098;26485;printing-1;417;PRINTING;ORDER_STATE_CHANGED;READY_TO_PRINT;PRINTED;P-8-10
2099;26485;printing-3;418;PRINTING;ORDER_STATE_CHANGED;READY_TO_PRINT;PRINT_FAILED;P-8-11
2100;26547;validation-1;421;VALIDATION;ORDER_STATE_CHANGED;WAITING_VALIDATION;READY_TO_PRINT;P-8-15
2101;26547;validation-2;422;VALIDATION;ORDER_STATE_CHANGED;WAITING_VALIDATION;REJECTED;P-2-19
2102;26578;quality-2;417;QUALITY_CONTROL;ORDER_STATE_CHANGED;PRINTED;APPROVED;
2103;26610;printing-2;419;PRINTING;ORDER_STATE_CHANGED;READY_TO_PRINT;PRINTED;P-8-12
2104;26673;validation-1;424;VALIDATION;ORDER_STATE_CHANGED;WAITING_VALIDATION;READY_TO_PRINT;P-2-18
2105;26673;validation-2;423;VALIDATION;ORDER_STATE_CHANGED;WAITING_VALIDATION;READY_TO_PRINT;P-0-18
2106;26673;printing-1;420;PRINTING;ORDER_STATE_CHANGED;READY_TO_PRINT;PRINTED;P-8-14
2107;26705;quality-1;419;QUALITY_CONTROL;ORDER_STATE_CHANGED;PRINTED;APPROVED;
2108;26736;printing-3;421;PRINTING;ORDER_STATE_CHANGED;READY_TO_PRINT;PRINT_FAILED;P-8-15
2109;26767;quality-2;420;QUALITY_CONTROL;ORDER_STATE_CHANGED;PRINTED;DEFECTIVE;
2110;26797;validation-1;426;VALIDATION;ORDER_STATE_CHANGED;WAITING_VALIDATION;READY_TO_PRINT;P-8-17
2111;26797;validation-2;425;VALIDATION;ORDER_STATE_CHANGED;WAITING_VALIDATION;READY_TO_PRINT;P-8-16
2112;26860;printing-2;424;PRINTING;ORDER_STATE_CHANGED;READY_TO_PRINT;PRINTED;P-2-18
2113;26860;printing-1;423;PRINTING;ORDER_STATE_CHANGED;READY_TO_PRINT;PRINTED;P-0-18
2114;26922;validation-2;427;VALIDATION;ORDER_STATE_CHANGED;WAITING_VALIDATION;READY_TO_PRINT;P-8-18
2115;26922;validation-1;428;VALIDATION;ORDER_STATE_CHANGED;WAITING_VALIDATION;READY_TO_PRINT;P-3-0
2116;26954;quality-1;424;QUALITY_CONTROL;ORDER_STATE_CHANGED;PRINTED;DEFECTIVE;
2117;26954;quality-2;423;QUALITY_CONTROL;ORDER_STATE_CHANGED;PRINTED;APPROVED;
2118;26986;printing-3;426;PRINTING;ORDER_STATE_CHANGED;READY_TO_PRINT;PRINT_FAILED;P-8-17
2119;27048;printing-1;425;PRINTING;ORDER_STATE_CHANGED;READY_TO_PRINT;PRINTED;P-8-16
2120;27048;validation-2;429;VALIDATION;ORDER_STATE_CHANGED;WAITING_VALIDATION;READY_TO_PRINT;P-8-19
2121;27048;validation-1;430;VALIDATION;ORDER_STATE_CHANGED;WAITING_VALIDATION;READY_TO_PRINT;P-9-0
2122;27110;printing-2;427;PRINTING;ORDER_STATE_CHANGED;READY_TO_PRINT;PRINTED;P-8-18
2123;27140;quality-1;425;QUALITY_CONTROL;ORDER_STATE_CHANGED;PRINTED;APPROVED;
2124;27171;validation-2;431;VALIDATION;ORDER_STATE_CHANGED;WAITING_VALIDATION;READY_TO_PRINT;P-9-1
2125;27171;validation-1;432;VALIDATION;ORDER_STATE_CHANGED;WAITING_VALIDATION;READY_TO_PRINT;P-0-5
2126;27171;printing-3;428;PRINTING;ORDER_STATE_CHANGED;READY_TO_PRINT;PRINTED;P-3-0
2127;27203;quality-2;427;QUALITY_CONTROL;ORDER_STATE_CHANGED;PRINTED;APPROVED;
2128;27234;printing-1;429;PRINTING;ORDER_STATE_CHANGED;READY_TO_PRINT;PRINTED;P-8-19
2129;27265;quality-1;428;QUALITY_CONTROL;ORDER_STATE_CHANGED;PRINTED;APPROVED;
2130;27295;validation-1;434;VALIDATION;ORDER_STATE_CHANGED;WAITING_VALIDATION;READY_TO_PRINT;P-3-1
2131;27295;printing-2;430;PRINTING;ORDER_STATE_CHANGED;READY_TO_PRINT;PRINTED;P-9-0
2132;27295;validation-2;433;VALIDATION;ORDER_STATE_CHANGED;WAITING_VALIDATION;REJECTED;P-9-2
2133;27327;quality-2;429;QUALITY_CONTROL;ORDER_STATE_CHANGED;PRINTED;APPROVED;
2134;27359;printing-3;431;PRINTING;ORDER_STATE_CHANGED;READY_TO_PRINT;PRINTED;P-9-1
2135;27391;quality-1;430;QUALITY_CONTROL;ORDER_STATE_CHANGED;PRINTED;APPROVED;
2136;27422;validation-2;436;VALIDATION;ORDER_STATE_CHANGED;WAITING_VALIDATION;READY_TO_PRINT;P-9-4
2137;27422;validation-1;435;VALIDATION;ORDER_STATE_CHANGED;WAITING_VALIDATION;READY_TO_PRINT;P-9-5
2138;27422;printing-1;432;PRINTING;ORDER_STATE_CHANGED;READY_TO_PRINT;PRINTED;P-0-5
2139;27453;quality-2;431;QUALITY_CONTROL;ORDER_STATE_CHANGED;PRINTED;APPROVED;
2140;27484;printing-2;434;PRINTING;ORDER_STATE_CHANGED;READY_TO_PRINT;PRINTED;P-3-1
2141;27515;quality-1;432;QUALITY_CONTROL;ORDER_STATE_CHANGED;PRINTED;APPROVED;
2142;27547;validation-1;438;VALIDATION;ORDER_STATE_CHANGED;WAITING_VALIDATION;READY_TO_PRINT;P-3-2
2143;27547;validation-2;437;VALIDATION;ORDER_STATE_CHANGED;WAITING_VALIDATION;READY_TO_PRINT;P-9-3
2144;27578;quality-2;434;QUALITY_CONTROL;ORDER_STATE_CHANGED;PRINTED;APPROVED;
2145;27608;printing-1;435;PRINTING;ORDER_STATE_CHANGED;READY_TO_PRINT;PRINTED;P-9-5
2146;27608;printing-3;436;PRINTING;ORDER_STATE_CHANGED;READY_TO_PRINT;PRINTED;P-9-4
2147;27670;validation-2;439;VALIDATION;ORDER_STATE_CHANGED;WAITING_VALIDATION;REJECTED;P-9-6
2148;27670;validation-1;440;VALIDATION;ORDER_STATE_CHANGED;WAITING_VALIDATION;REJECTED;P-1-0
2149;27701;quality-2;436;QUALITY_CONTROL;ORDER_STATE_CHANGED;PRINTED;APPROVED;
2150;27701;quality-1;435;QUALITY_CONTROL;ORDER_STATE_CHANGED;PRINTED;APPROVED;
2151;27733;printing-2;438;PRINTING;ORDER_STATE_CHANGED;READY_TO_PRINT;PRINTED;P-3-2
2152;27796;validation-2;441;VALIDATION;ORDER_STATE_CHANGED;WAITING_VALIDATION;REJECTED;P-3-3
2153;27796;printing-3;437;PRINTING;ORDER_STATE_CHANGED;READY_TO_PRINT;PRINTED;P-9-3
2154;27796;validation-1;442;VALIDATION;ORDER_STATE_CHANGED;WAITING_VALIDATION;READY_TO_PRINT;P-9-7
2155;27828;quality-2;438;QUALITY_CONTROL;ORDER_STATE_CHANGED;PRINTED;APPROVED;
2156;27892;quality-1;437;QUALITY_CONTROL;ORDER_STATE_CHANGED;PRINTED;APPROVED;
2157;27924;validation-2;443;VALIDATION;ORDER_STATE_CHANGED;WAITING_VALIDATION;READY_TO_PRINT;P-3-4
2158;27924;validation-1;444;VALIDATION;ORDER_STATE_CHANGED;WAITING_VALIDATION;READY_TO_PRINT;P-0-19
2159;27986;printing-3;442;PRINTING;ORDER_STATE_CHANGED;READY_TO_PRINT;PRINTED;P-9-7
2160;28050;validation-1;446;VALIDATION;ORDER_STATE_CHANGED;WAITING_VALIDATION;READY_TO_PRINT;P-9-11
2161;28050;validation-2;445;VALIDATION;ORDER_STATE_CHANGED;WAITING_VALIDATION;READY_TO_PRINT;P-9-10
2162;28080;quality-2;442;QUALITY_CONTROL;ORDER_STATE_CHANGED;PRINTED;APPROVED;
2163;28111;printing-2;444;PRINTING;ORDER_STATE_CHANGED;READY_TO_PRINT;PRINTED;P-0-19
2164;28111;printing-1;443;PRINTING;ORDER_STATE_CHANGED;READY_TO_PRINT;PRINTED;P-3-4
2165;28174;validation-1;448;VALIDATION;ORDER_STATE_CHANGED;WAITING_VALIDATION;READY_TO_PRINT;P-9-12
2166;28174;validation-2;447;VALIDATION;ORDER_STATE_CHANGED;WAITING_VALIDATION;READY_TO_PRINT;P-3-5
2167;28206;quality-2;443;QUALITY_CONTROL;ORDER_STATE_CHANGED;PRINTED;APPROVED;
2168;28206;quality-1;444;QUALITY_CONTROL;ORDER_STATE_CHANGED;PRINTED;APPROVED;
2169;28236;printing-3;446;PRINTING;ORDER_STATE_CHANGED;READY_TO_PRINT;PRINTED;P-9-11
2170;28299;validation-2;450;VALIDATION;ORDER_STATE_CHANGED;WAITING_VALIDATION;READY_TO_PRINT;P-9-14
2171;28299;printing-1;445;PRINTING;ORDER_STATE_CHANGED;READY_TO_PRINT;PRINT_FAILED;P-9-10
2172;28299;validation-1;449;VALIDATION;ORDER_STATE_CHANGED;WAITING_VALIDATION;READY_TO_PRINT;P-9-13
2173;28330;quality-2;446;QUALITY_CONTROL;ORDER_STATE_CHANGED;PRINTED;APPROVED;
2174;28361;printing-2;448;PRINTING;ORDER_STATE_CHANGED;READY_TO_PRINT;PRINTED;P-9-12
2175;28424;validation-1;452;VALIDATION;ORDER_STATE_CHANGED;WAITING_VALIDATION;READY_TO_PRINT;P-9-16
2176;28424;validation-2;451;VALIDATION;ORDER_STATE_CHANGED;WAITING_VALIDATION;READY_TO_PRINT;P-9-15
2177;28424;printing-3;447;PRINTING;ORDER_STATE_CHANGED;READY_TO_PRINT;PRINTED;P-3-5
2178;28455;quality-1;448;QUALITY_CONTROL;ORDER_STATE_CHANGED;PRINTED;APPROVED;
2179;28486;printing-1;450;PRINTING;ORDER_STATE_CHANGED;READY_TO_PRINT;PRINTED;P-9-14
2180;28517;quality-2;447;QUALITY_CONTROL;ORDER_STATE_CHANGED;PRINTED;APPROVED;
2181;28548;printing-2;449;PRINTING;ORDER_STATE_CHANGED;READY_TO_PRINT;PRINTED;P-9-13
2182;28548;validation-1;453;VALIDATION;ORDER_STATE_CHANGED;WAITING_VALIDATION;READY_TO_PRINT;P-9-17
2183;28548;validation-2;454;VALIDATION;ORDER_STATE_CHANGED;WAITING_VALIDATION;READY_TO_PRINT;P-3-6
2184;28579;quality-1;450;QUALITY_CONTROL;ORDER_STATE_CHANGED;PRINTED;APPROVED;
2185;28610;printing-3;452;PRINTING;ORDER_STATE_CHANGED;READY_TO_PRINT;PRINTED;P-9-16
2186;28641;quality-2;449;QUALITY_CONTROL;ORDER_STATE_CHANGED;PRINTED;APPROVED;
2187;28673;validation-1;455;VALIDATION;ORDER_STATE_CHANGED;WAITING_VALIDATION;READY_TO_PRINT;P-3-8
2188;28673;validation-2;456;VALIDATION;ORDER_STATE_CHANGED;WAITING_VALIDATION;READY_TO_PRINT;P-9-19
2189;28673;printing-1;451;PRINTING;ORDER_STATE_CHANGED;READY_TO_PRINT;PRINTED;P-9-15
2190;28704;quality-1;452;QUALITY_CONTROL;ORDER_STATE_CHANGED;PRINTED;APPROVED;
2191;28735;printing-2;453;PRINTING;ORDER_STATE_CHANGED;READY_TO_PRINT;PRINTED;P-9-17
2192;28766;quality-2;451;QUALITY_CONTROL;ORDER_STATE_CHANGED;PRINTED;APPROVED;
2193;28798;validation-1;457;VALIDATION;ORDER_STATE_CHANGED;WAITING_VALIDATION;READY_TO_PRINT;P-3-10
2194;28798;printing-3;454;PRINTING;ORDER_STATE_CHANGED;READY_TO_PRINT;PRINTED;P-3-6
2195;28798;validation-2;458;VALIDATION;ORDER_STATE_CHANGED;WAITING_VALIDATION;READY_TO_PRINT;P-0-3
2196;28829;quality-1;453;QUALITY_CONTROL;ORDER_STATE_CHANGED;PRINTED;APPROVED;
2197;28860;printing-1;455;PRINTING;ORDER_STATE_CHANGED;READY_TO_PRINT;PRINTED;P-3-8
2198;28891;quality-2;454;QUALITY_CONTROL;ORDER_STATE_CHANGED;PRINTED;APPROVED;
2199;28922;validation-1;459;VALIDATION;ORDER_STATE_CHANGED;WAITING_VALIDATION;READY_TO_PRINT;P-1-1
2200;28923;printing-2;456;PRINTING;ORDER_STATE_CHANGED;READY_TO_PRINT;PRINTED;P-9-19
2201;28923;validation-2;460;VALIDATION;ORDER_STATE_CHANGED;WAITING_VALIDATION;READY_TO_PRINT;P-0-0
2202;28954;quality-1;455;QUALITY_CONTROL;ORDER_STATE_CHANGED;PRINTED;APPROVED;
2203;28985;printing-3;457;PRINTING;ORDER_STATE_CHANGED;READY_TO_PRINT;PRINTED;P-3-10
2204;29016;quality-2;456;QUALITY_CONTROL;ORDER_STATE_CHANGED;PRINTED;APPROVED;
2205;29048;validation-1;461;VALIDATION;ORDER_STATE_CHANGED;WAITING_VALIDATION;REJECTED;P-3-13
2206;29049;validation-2;462;VALIDATION;ORDER_STATE_CHANGED;WAITING_VALIDATION;REJECTED;P-1-2
2207;29049;printing-1;458;PRINTING;ORDER_STATE_CHANGED;READY_TO_PRINT;PRINTED;P-0-3
2208;29080;quality-1;457;QUALITY_CONTROL;ORDER_STATE_CHANGED;PRINTED;DEFECTIVE;
2209;29111;printing-2;459;PRINTING;ORDER_STATE_CHANGED;READY_TO_PRINT;PRINTED;P-1-1
2210;29144;quality-2;458;QUALITY_CONTROL;ORDER_STATE_CHANGED;PRINTED;APPROVED;
2211;29175;validation-2;464;VALIDATION;ORDER_STATE_CHANGED;WAITING_VALIDATION;READY_TO_PRINT;P-0-4
2212;29175;validation-1;463;VALIDATION;ORDER_STATE_CHANGED;WAITING_VALIDATION;REJECTED;P-3-12
2213;29175;printing-3;460;PRINTING;ORDER_STATE_CHANGED;READY_TO_PRINT;PRINTED;P-0-0
2214;29206;quality-1;459;QUALITY_CONTROL;ORDER_STATE_CHANGED;PRINTED;APPROVED;
2215;29268;quality-2;460;QUALITY_CONTROL;ORDER_STATE_CHANGED;PRINTED;DEFECTIVE;
2216;29300;validation-2;465;VALIDATION;ORDER_STATE_CHANGED;WAITING_VALIDATION;READY_TO_PRINT;P-3-15
2217;29300;validation-1;466;VALIDATION;ORDER_STATE_CHANGED;WAITING_VALIDATION;REJECTED;P-3-16
2218;29363;printing-1;464;PRINTING;ORDER_STATE_CHANGED;READY_TO_PRINT;PRINTED;P-0-4
2219;29426;validation-1;468;VALIDATION;ORDER_STATE_CHANGED;WAITING_VALIDATION;READY_TO_PRINT;P-0-6
2220;29426;validation-2;467;VALIDATION;ORDER_STATE_CHANGED;WAITING_VALIDATION;READY_TO_PRINT;P-3-14
2221;29457;quality-1;464;QUALITY_CONTROL;ORDER_STATE_CHANGED;PRINTED;APPROVED;
2222;29488;printing-2;465;PRINTING;ORDER_STATE_CHANGED;READY_TO_PRINT;PRINTED;P-3-15
2223;29551;validation-2;469;VALIDATION;ORDER_STATE_CHANGED;WAITING_VALIDATION;READY_TO_PRINT;P-1-3
2224;29551;validation-1;470;VALIDATION;ORDER_STATE_CHANGED;WAITING_VALIDATION;READY_TO_PRINT;P-3-19
2225;29581;quality-2;465;QUALITY_CONTROL;ORDER_STATE_CHANGED;PRINTED;APPROVED;
2226;29612;printing-1;467;PRINTING;ORDER_STATE_CHANGED;READY_TO_PRINT;PRINTED;P-3-14
2227;29612;printing-3;468;PRINTING;ORDER_STATE_CHANGED;READY_TO_PRINT;PRINTED;P-0-6
2228;29674;validation-2;473;VALIDATION;ORDER_STATE_CHANGED;WAITING_VALIDATION;READY_TO_PRINT;P-4-0
2229;29674;validation-1;471;VALIDATION;ORDER_STATE_CHANGED;WAITING_VALIDATION;READY_TO_PRINT;P-3-17
2230;29705;quality-1;467;QUALITY_CONTROL;ORDER_STATE_CHANGED;PRINTED;APPROVED;
2231;29705;quality-2;468;QUALITY_CONTROL;ORDER_STATE_CHANGED;PRINTED;APPROVED;
2232;29736;printing-2;469;PRINTING;ORDER_STATE_CHANGED;READY_TO_PRINT;PRINTED;P-1-3
2233;29800;printing-3;470;PRINTING;ORDER_STATE_CHANGED;READY_TO_PRINT;PRINTED;P-3-19
2234;29800;validation-1;474;VALIDATION;ORDER_STATE_CHANGED;WAITING_VALIDATION;READY_TO_PRINT;P-4-1
2235;29800;validation-2;472;VALIDATION;ORDER_STATE_CHANGED;WAITING_VALIDATION;READY_TO_PRINT;P-1-7
2236;29831;quality-1;469;QUALITY_CONTROL;ORDER_STATE_CHANGED;PRINTED;DEFECTIVE;
2237;29862;printing-1;473;PRINTING;ORDER_STATE_CHANGED;READY_TO_PRINT;PRINTED;P-4-0
2238;29893;quality-2;470;QUALITY_CONTROL;ORDER_STATE_CHANGED;PRINTED;APPROVED;
2239;29925;validation-1;475;VALIDATION;ORDER_STATE_CHANGED;WAITING_VALIDATION;READY_TO_PRINT;P-4-6
2240;29925;printing-2;471;PRINTING;ORDER_STATE_CHANGED;READY_TO_PRINT;PRINTED;P-3-17
2241;29925;validation-2;477;VALIDATION;ORDER_STATE_CHANGED;WAITING_VALIDATION;REJECTED;P-1-5
2242;29956;quality-1;473;QUALITY_CONTROL;ORDER_STATE_CHANGED;PRINTED;APPROVED;
2243;29987;printing-3;474;PRINTING;ORDER_STATE_CHANGED;READY_TO_PRINT;PRINTED;P-4-1
2244;30019;quality-2;471;QUALITY_CONTROL;ORDER_STATE_CHANGED;PRINTED;APPROVED;
2245;30050;validation-2;478;VALIDATION;ORDER_STATE_CHANGED;WAITING_VALIDATION;READY_TO_PRINT;P-4-4
2246;30050;printing-1;472;PRINTING;ORDER_STATE_CHANGED;READY_TO_PRINT;PRINTED;P-1-7
2247;30050;validation-1;476;VALIDATION;ORDER_STATE_CHANGED;WAITING_VALIDATION;READY_TO_PRINT;P-4-2
2248;30082;quality-1;474;QUALITY_CONTROL;ORDER_STATE_CHANGED;PRINTED;APPROVED;
2249;30112;printing-2;475;PRINTING;ORDER_STATE_CHANGED;READY_TO_PRINT;PRINTED;P-4-6
2250;30144;quality-2;472;QUALITY_CONTROL;ORDER_STATE_CHANGED;PRINTED;APPROVED;
2251;30176;validation-2;479;VALIDATION;ORDER_STATE_CHANGED;WAITING_VALIDATION;READY_TO_PRINT;P-4-12
2252;30176;validation-1;480;VALIDATION;ORDER_STATE_CHANGED;WAITING_VALIDATION;READY_TO_PRINT;P-4-7
2253;30207;quality-1;475;QUALITY_CONTROL;ORDER_STATE_CHANGED;PRINTED;APPROVED;
2254;30238;printing-3;478;PRINTING;ORDER_STATE_CHANGED;READY_TO_PRINT;PRINTED;P-4-4
2255;30238;printing-1;476;PRINTING;ORDER_STATE_CHANGED;READY_TO_PRINT;PRINT_FAILED;P-4-2
2256;30300;validation-2;482;VALIDATION;ORDER_STATE_CHANGED;WAITING_VALIDATION;REJECTED;P-4-9
2257;30300;validation-1;481;VALIDATION;ORDER_STATE_CHANGED;WAITING_VALIDATION;READY_TO_PRINT;P-4-8
2258;30332;quality-2;478;QUALITY_CONTROL;ORDER_STATE_CHANGED;PRINTED;APPROVED;
2259;30363;printing-2;479;PRINTING;ORDER_STATE_CHANGED;READY_TO_PRINT;PRINT_FAILED;P-4-12
2260;30425;printing-1;480;PRINTING;ORDER_STATE_CHANGED;READY_TO_PRINT;PRINTED;P-4-7
2261;30425;validation-1;484;VALIDATION;ORDER_STATE_CHANGED;WAITING_VALIDATION;READY_TO_PRINT;P-4-10
2262;30425;validation-2;483;VALIDATION;ORDER_STATE_CHANGED;WAITING_VALIDATION;READY_TO_PRINT;P-1-10
2263;30488;printing-3;481;PRINTING;ORDER_STATE_CHANGED;READY_TO_PRINT;PRINTED;P-4-8
2264;30520;quality-1;480;QUALITY_CONTROL;ORDER_STATE_CHANGED;PRINTED;APPROVED;
2265;30551;validation-1;486;VALIDATION;ORDER_STATE_CHANGED;WAITING_VALIDATION;READY_TO_PRINT;P-1-9
2266;30551;validation-2;485;VALIDATION;ORDER_STATE_CHANGED;WAITING_VALIDATION;REJECTED;P-4-11
2267;30582;quality-2;481;QUALITY_CONTROL;ORDER_STATE_CHANGED;PRINTED;APPROVED;
2268;30614;printing-2;483;PRINTING;ORDER_STATE_CHANGED;READY_TO_PRINT;PRINTED;P-1-10
2269;30614;printing-1;484;PRINTING;ORDER_STATE_CHANGED;READY_TO_PRINT;PRINTED;P-4-10
2270;30676;validation-1;488;VALIDATION;ORDER_STATE_CHANGED;WAITING_VALIDATION;READY_TO_PRINT;P-4-15
2271;30676;validation-2;487;VALIDATION;ORDER_STATE_CHANGED;WAITING_VALIDATION;READY_TO_PRINT;P-4-13
2272;30709;quality-1;483;QUALITY_CONTROL;ORDER_STATE_CHANGED;PRINTED;APPROVED;
2273;30709;quality-2;484;QUALITY_CONTROL;ORDER_STATE_CHANGED;PRINTED;APPROVED;
2274;30739;printing-3;486;PRINTING;ORDER_STATE_CHANGED;READY_TO_PRINT;PRINTED;P-1-9
2275;30803;validation-2;490;VALIDATION;ORDER_STATE_CHANGED;WAITING_VALIDATION;REJECTED;P-4-16
2276;30803;validation-1;489;VALIDATION;ORDER_STATE_CHANGED;WAITING_VALIDATION;READY_TO_PRINT;P-4-14
2277;30835;quality-1;486;QUALITY_CONTROL;ORDER_STATE_CHANGED;PRINTED;APPROVED;
2278;30866;printing-2;487;PRINTING;ORDER_STATE_CHANGED;READY_TO_PRINT;PRINTED;P-4-13
2279;30866;printing-1;488;PRINTING;ORDER_STATE_CHANGED;READY_TO_PRINT;PRINTED;P-4-15
2280;30930;validation-2;492;VALIDATION;ORDER_STATE_CHANGED;WAITING_VALIDATION;READY_TO_PRINT;P-4-17
2281;30930;validation-1;491;VALIDATION;ORDER_STATE_CHANGED;WAITING_VALIDATION;READY_TO_PRINT;P-1-11
2282;30961;quality-1;488;QUALITY_CONTROL;ORDER_STATE_CHANGED;PRINTED;APPROVED;
2283;30961;quality-2;487;QUALITY_CONTROL;ORDER_STATE_CHANGED;PRINTED;APPROVED;
2284;30993;printing-3;489;PRINTING;ORDER_STATE_CHANGED;READY_TO_PRINT;PRINTED;P-4-14
2285;31054;validation-1;493;VALIDATION;ORDER_STATE_CHANGED;WAITING_VALIDATION;READY_TO_PRINT;P-4-19
2286;31054;validation-2;494;VALIDATION;ORDER_STATE_CHANGED;WAITING_VALIDATION;READY_TO_PRINT;P-5-0
2287;31085;quality-1;489;QUALITY_CONTROL;ORDER_STATE_CHANGED;PRINTED;APPROVED;
2288;31116;printing-1;492;PRINTING;ORDER_STATE_CHANGED;READY_TO_PRINT;PRINTED;P-4-17
2289;31116;printing-2;491;PRINTING;ORDER_STATE_CHANGED;READY_TO_PRINT;PRINTED;P-1-11
2290;31178;validation-1;495;VALIDATION;ORDER_STATE_CHANGED;WAITING_VALIDATION;READY_TO_PRINT;P-5-1
2291;31178;validation-2;496;VALIDATION;ORDER_STATE_CHANGED;WAITING_VALIDATION;READY_TO_PRINT;P-5-4
2292;31210;quality-1;491;QUALITY_CONTROL;ORDER_STATE_CHANGED;PRINTED;APPROVED;
2293;31210;quality-2;492;QUALITY_CONTROL;ORDER_STATE_CHANGED;PRINTED;APPROVED;
2294;31241;printing-3;493;PRINTING;ORDER_STATE_CHANGED;READY_TO_PRINT;PRINTED;P-4-19
2295;31304;printing-1;494;PRINTING;ORDER_STATE_CHANGED;READY_TO_PRINT;PRINTED;P-5-0
2296;31304;validation-2;498;VALIDATION;ORDER_STATE_CHANGED;WAITING_VALIDATION;READY_TO_PRINT;P-5-3
2297;31304;validation-1;497;VALIDATION;ORDER_STATE_CHANGED;WAITING_VALIDATION;READY_TO_PRINT;P-0-9
2298;31335;quality-1;493;QUALITY_CONTROL;ORDER_STATE_CHANGED;PRINTED;APPROVED;
2299;31366;printing-2;495;PRINTING;ORDER_STATE_CHANGED;READY_TO_PRINT;PRINTED;P-5-1
2300;31397;quality-2;494;QUALITY_CONTROL;ORDER_STATE_CHANGED;PRINTED;APPROVED;
2301;31428;validation-1;500;VALIDATION;ORDER_STATE_CHANGED;WAITING_VALIDATION;READY_TO_PRINT;P-5-5
2302;31428;validation-2;499;VALIDATION;ORDER_STATE_CHANGED;WAITING_VALIDATION;READY_TO_PRINT;P-5-7
2303;31428;printing-3;496;PRINTING;ORDER_STATE_CHANGED;READY_TO_PRINT;PRINTED;P-5-4
2304;31459;quality-1;495;QUALITY_CONTROL;ORDER_STATE_CHANGED;PRINTED;APPROVED;
2305;31490;printing-1;498;PRINTING;ORDER_STATE_CHANGED;READY_TO_PRINT;PRINTED;P-5-3
2306;31521;quality-2;496;QUALITY_CONTROL;ORDER_STATE_CHANGED;PRINTED;DEFECTIVE;
2307;31553;printing-2;497;PRINTING;ORDER_STATE_CHANGED;READY_TO_PRINT;PRINTED;P-0-9
2308;31584;quality-1;498;QUALITY_CONTROL;ORDER_STATE_CHANGED;PRINTED;APPROVED;
2309;31616;printing-3;500;PRINTING;ORDER_STATE_CHANGED;READY_TO_PRINT;PRINTED;P-5-5
2310;31646;quality-2;497;QUALITY_CONTROL;ORDER_STATE_CHANGED;PRINTED;APPROVED;
2311;31677;printing-1;499;PRINTING;ORDER_STATE_CHANGED;READY_TO_PRINT;PRINTED;P-5-7
2312;31708;quality-1;500;QUALITY_CONTROL;ORDER_STATE_CHANGED;PRINTED;APPROVED;
2313;31770;quality-2;499;QUALITY_CONTROL;ORDER_STATE_CHANGED;PRINTED;APPROVED;
